pref,date,conf.daily,conf.weekly,conf.csum,deaths.daily,deaths.weekly,deaths.csum
Aichi,2020-01-26,1,1,1,1,1,1
Aichi,2020-01-27,0,1,1,0,1,1
Aichi,2020-01-28,1,2,2,1,2,2
Aichi,2020-01-29,0,2,2,0,2,2
Aichi,2020-01-30,0,2,2,0,2,2
Aichi,2020-01-31,0,2,2,0,2,2
Aichi,2020-02-01,0,2,2,0,2,2
Aichi,2020-02-02,0,1,2,0,1,2
Aichi,2020-02-03,0,1,2,0,1,2
Aichi,2020-02-04,0,0,2,0,0,2
Aichi,2020-02-05,0,0,2,0,0,2
Aichi,2020-02-06,0,0,2,0,0,2
Aichi,2020-02-07,0,0,2,0,0,2
Aichi,2020-02-08,0,0,2,0,0,2
Aichi,2020-02-09,0,0,2,0,0,2
Aichi,2020-02-10,0,0,2,0,0,2
Aichi,2020-02-11,0,0,2,0,0,2
Aichi,2020-02-12,0,0,2,0,0,2
Aichi,2020-02-13,0,0,2,0,0,2
Aichi,2020-02-14,1,1,3,1,1,3
Aichi,2020-02-15,1,2,4,1,2,4
Aichi,2020-02-16,2,4,6,2,4,6
Aichi,2020-02-17,0,4,6,0,4,6
Aichi,2020-02-18,1,5,7,1,5,7
Aichi,2020-02-19,1,6,8,1,6,8
Aichi,2020-02-20,1,7,9,1,7,9
Aichi,2020-02-21,2,8,11,2,8,11
Aichi,2020-02-22,4,11,15,4,11,15
Aichi,2020-02-23,2,11,17,2,11,17
Aichi,2020-02-24,0,11,17,0,11,17
Aichi,2020-02-25,3,13,20,3,13,20
Aichi,2020-02-26,5,17,25,5,17,25
Aichi,2020-02-27,2,18,27,2,18,27
Aichi,2020-02-28,1,17,28,1,17,28
Aichi,2020-02-29,1,14,29,1,14,29
Aichi,2020-03-01,3,15,32,3,15,32
Aichi,2020-03-02,0,15,32,0,15,32
Aichi,2020-03-03,9,21,41,9,21,41
Aichi,2020-03-04,8,24,49,8,24,49
Aichi,2020-03-05,8,30,57,8,30,57
Aichi,2020-03-06,5,34,62,5,34,62
Aichi,2020-03-07,7,40,69,7,40,69
Aichi,2020-03-08,11,48,80,11,48,80
Aichi,2020-03-09,6,54,86,6,54,86
Aichi,2020-03-10,14,59,100,14,59,100
Aichi,2020-03-11,6,57,106,6,57,106
Aichi,2020-03-12,7,56,113,7,56,113
Aichi,2020-03-13,4,55,117,4,55,117
Aichi,2020-03-14,8,56,125,8,56,125
Aichi,2020-03-15,1,46,126,1,46,126
Aichi,2020-03-16,4,44,130,4,44,130
Aichi,2020-03-17,2,32,132,2,32,132
Aichi,2020-03-18,5,31,137,5,31,137
Aichi,2020-03-19,4,28,141,4,28,141
Aichi,2020-03-20,6,30,147,6,30,147
Aichi,2020-03-21,2,24,149,2,24,149
Aichi,2020-03-22,2,25,151,2,25,151
Aichi,2020-03-23,2,23,153,2,23,153
Aichi,2020-03-24,3,24,156,3,24,156
Aichi,2020-03-25,6,25,162,6,25,162
Aichi,2020-03-26,4,25,166,4,25,166
Aichi,2020-03-27,3,22,169,3,22,169
Aichi,2020-03-28,4,24,173,4,24,173
Aichi,2020-03-29,3,25,176,3,25,176
Aichi,2020-03-30,3,26,179,3,26,179
Aichi,2020-03-31,8,31,187,8,31,187
Aichi,2020-04-01,5,30,192,5,30,192
Aichi,2020-04-02,7,33,199,7,33,199
Aichi,2020-04-03,12,42,211,12,42,211
Aichi,2020-04-04,19,57,230,19,57,230
Aichi,2020-04-05,8,62,238,8,62,238
Aichi,2020-04-06,12,71,250,12,71,250
Aichi,2020-04-07,21,84,271,21,84,271
Aichi,2020-04-08,20,99,291,20,99,291
Aichi,2020-04-09,21,113,312,21,113,312
Aichi,2020-04-10,14,115,326,14,115,326
Aichi,2020-04-11,10,106,336,10,106,336
Aichi,2020-04-12,3,101,339,3,101,339
Aichi,2020-04-13,9,98,348,9,98,348
Aichi,2020-04-14,10,87,358,10,87,358
Aichi,2020-04-15,12,79,370,12,79,370
Aichi,2020-04-16,14,72,384,14,72,384
Aichi,2020-04-17,10,68,394,10,68,394
Aichi,2020-04-18,18,76,412,18,76,412
Aichi,2020-04-19,11,84,423,11,84,423
Aichi,2020-04-20,5,80,428,5,80,428
Aichi,2020-04-21,18,88,446,18,88,446
Aichi,2020-04-22,19,95,465,19,95,465
Aichi,2020-04-23,12,93,477,12,93,477
Aichi,2020-04-24,15,98,492,15,98,492
Aichi,2020-04-25,2,82,494,2,82,494
Aichi,2020-04-26,2,73,496,2,73,496
Aichi,2020-04-27,0,68,496,0,68,496
Aichi,2020-04-28,5,55,501,5,55,501
Aichi,2020-04-29,5,41,506,5,41,506
Aichi,2020-04-30,0,29,506,0,29,506
Akita,2020-03-06,2,2,2,2,2,2
Akita,2020-03-07,0,2,2,0,2,2
Akita,2020-03-08,0,2,2,0,2,2
Akita,2020-03-09,0,2,2,0,2,2
Akita,2020-03-10,0,2,2,0,2,2
Akita,2020-03-11,0,2,2,0,2,2
Akita,2020-03-12,0,2,2,0,2,2
Akita,2020-03-13,0,0,2,0,0,2
Akita,2020-03-14,0,0,2,0,0,2
Akita,2020-03-15,0,0,2,0,0,2
Akita,2020-03-16,0,0,2,0,0,2
Akita,2020-03-17,0,0,2,0,0,2
Akita,2020-03-18,0,0,2,0,0,2
Akita,2020-03-19,0,0,2,0,0,2
Akita,2020-03-20,0,0,2,0,0,2
Akita,2020-03-21,0,0,2,0,0,2
Akita,2020-03-22,0,0,2,0,0,2
Akita,2020-03-23,0,0,2,0,0,2
Akita,2020-03-24,0,0,2,0,0,2
Akita,2020-03-25,0,0,2,0,0,2
Akita,2020-03-26,0,0,2,0,0,2
Akita,2020-03-27,2,2,4,2,2,4
Akita,2020-03-28,0,2,4,0,2,4
Akita,2020-03-29,0,2,4,0,2,4
Akita,2020-03-30,1,3,5,1,3,5
Akita,2020-03-31,1,4,6,1,4,6
Akita,2020-04-01,1,5,7,1,5,7
Akita,2020-04-02,2,7,9,2,7,9
Akita,2020-04-03,1,6,10,1,6,10
Akita,2020-04-04,1,7,11,1,7,11
Akita,2020-04-05,0,7,11,0,7,11
Akita,2020-04-06,0,6,11,0,6,11
Akita,2020-04-07,0,5,11,0,5,11
Akita,2020-04-08,0,4,11,0,4,11
Akita,2020-04-09,0,2,11,0,2,11
Akita,2020-04-10,2,3,13,2,3,13
Akita,2020-04-11,2,4,15,2,4,15
Akita,2020-04-12,0,4,15,0,4,15
Akita,2020-04-13,0,4,15,0,4,15
Akita,2020-04-14,1,5,16,1,5,16
Akita,2020-04-15,0,5,16,0,5,16
Akita,2020-04-16,0,5,16,0,5,16
Akita,2020-04-17,0,3,16,0,3,16
Akita,2020-04-18,0,1,16,0,1,16
Akita,2020-04-19,0,1,16,0,1,16
Akita,2020-04-20,0,1,16,0,1,16
Akita,2020-04-21,0,0,16,0,0,16
Akita,2020-04-22,0,0,16,0,0,16
Akita,2020-04-23,0,0,16,0,0,16
Akita,2020-04-24,0,0,16,0,0,16
Akita,2020-04-25,0,0,16,0,0,16
Akita,2020-04-26,0,0,16,0,0,16
Akita,2020-04-27,0,0,16,0,0,16
Akita,2020-04-28,0,0,16,0,0,16
Akita,2020-04-29,0,0,16,0,0,16
Akita,2020-04-30,0,0,16,0,0,16
Aomori,2020-03-23,2,2,2,2,2,2
Aomori,2020-03-24,0,2,2,0,2,2
Aomori,2020-03-25,4,6,6,4,6,6
Aomori,2020-03-26,0,6,6,0,6,6
Aomori,2020-03-27,0,6,6,0,6,6
Aomori,2020-03-28,1,7,7,1,7,7
Aomori,2020-03-29,0,7,7,0,7,7
Aomori,2020-03-30,0,5,7,0,5,7
Aomori,2020-03-31,1,6,8,1,6,8
Aomori,2020-04-01,0,2,8,0,2,8
Aomori,2020-04-02,1,3,9,1,3,9
Aomori,2020-04-03,2,5,11,2,5,11
Aomori,2020-04-04,0,4,11,0,4,11
Aomori,2020-04-05,0,4,11,0,4,11
Aomori,2020-04-06,0,4,11,0,4,11
Aomori,2020-04-07,1,4,12,1,4,12
Aomori,2020-04-08,0,4,12,0,4,12
Aomori,2020-04-09,2,5,14,2,5,14
Aomori,2020-04-10,3,6,17,3,6,17
Aomori,2020-04-11,5,11,22,5,11,22
Aomori,2020-04-12,0,11,22,0,11,22
Aomori,2020-04-13,0,11,22,0,11,22
Aomori,2020-04-14,0,10,22,0,10,22
Aomori,2020-04-15,0,10,22,0,10,22
Aomori,2020-04-16,0,8,22,0,8,22
Aomori,2020-04-17,0,5,22,0,5,22
Aomori,2020-04-18,0,0,22,0,0,22
Aomori,2020-04-19,0,0,22,0,0,22
Aomori,2020-04-20,0,0,22,0,0,22
Aomori,2020-04-21,0,0,22,0,0,22
Aomori,2020-04-22,0,0,22,0,0,22
Aomori,2020-04-23,0,0,22,0,0,22
Aomori,2020-04-24,0,0,22,0,0,22
Aomori,2020-04-25,0,0,22,0,0,22
Aomori,2020-04-26,0,0,22,0,0,22
Aomori,2020-04-27,1,1,23,1,1,23
Aomori,2020-04-28,3,4,26,3,4,26
Aomori,2020-04-29,0,4,26,0,4,26
Aomori,2020-04-30,0,4,26,0,4,26
Chiba,2020-01-30,1,1,1,1,1,1
Chiba,2020-01-31,1,2,2,1,2,2
Chiba,2020-02-01,1,3,3,1,3,3
Chiba,2020-02-02,0,3,3,0,3,3
Chiba,2020-02-03,0,3,3,0,3,3
Chiba,2020-02-04,1,4,4,1,4,4
Chiba,2020-02-05,1,5,5,1,5,5
Chiba,2020-02-06,0,4,5,0,4,5
Chiba,2020-02-07,0,3,5,0,3,5
Chiba,2020-02-08,0,2,5,0,2,5
Chiba,2020-02-09,0,2,5,0,2,5
Chiba,2020-02-10,1,3,6,1,3,6
Chiba,2020-02-11,0,2,6,0,2,6
Chiba,2020-02-12,0,1,6,0,1,6
Chiba,2020-02-13,1,2,7,1,2,7
Chiba,2020-02-14,0,2,7,0,2,7
Chiba,2020-02-15,0,2,7,0,2,7
Chiba,2020-02-16,0,2,7,0,2,7
Chiba,2020-02-17,0,1,7,0,1,7
Chiba,2020-02-18,0,1,7,0,1,7
Chiba,2020-02-19,0,1,7,0,1,7
Chiba,2020-02-20,1,1,8,1,1,8
Chiba,2020-02-21,3,4,11,3,4,11
Chiba,2020-02-22,1,5,12,1,5,12
Chiba,2020-02-23,1,6,13,1,6,13
Chiba,2020-02-24,0,6,13,0,6,13
Chiba,2020-02-25,0,6,13,0,6,13
Chiba,2020-02-26,3,9,16,3,9,16
Chiba,2020-02-27,0,8,16,0,8,16
Chiba,2020-02-28,0,5,16,0,5,16
Chiba,2020-02-29,0,4,16,0,4,16
Chiba,2020-03-01,1,4,17,1,4,17
Chiba,2020-03-02,0,4,17,0,4,17
Chiba,2020-03-03,0,4,17,0,4,17
Chiba,2020-03-04,1,2,18,1,2,18
Chiba,2020-03-05,0,2,18,0,2,18
Chiba,2020-03-06,2,4,20,2,4,20
Chiba,2020-03-07,4,8,24,4,8,24
Chiba,2020-03-08,0,7,24,0,7,24
Chiba,2020-03-09,1,8,25,1,8,25
Chiba,2020-03-10,1,9,26,1,9,26
Chiba,2020-03-11,2,10,28,2,10,28
Chiba,2020-03-12,2,12,30,2,12,30
Chiba,2020-03-13,5,15,35,5,15,35
Chiba,2020-03-14,0,11,35,0,11,35
Chiba,2020-03-15,0,11,35,0,11,35
Chiba,2020-03-16,0,10,35,0,10,35
Chiba,2020-03-17,0,9,35,0,9,35
Chiba,2020-03-18,3,10,38,3,10,38
Chiba,2020-03-19,2,10,40,2,10,40
Chiba,2020-03-20,5,10,45,5,10,45
Chiba,2020-03-21,1,11,46,1,11,46
Chiba,2020-03-22,2,13,48,2,13,48
Chiba,2020-03-23,3,16,51,3,16,51
Chiba,2020-03-24,1,17,52,1,17,52
Chiba,2020-03-25,5,19,57,5,19,57
Chiba,2020-03-26,5,22,62,5,22,62
Chiba,2020-03-27,8,25,70,8,25,70
Chiba,2020-03-28,60,84,130,60,84,130
Chiba,2020-03-29,36,118,166,36,118,166
Chiba,2020-03-30,7,122,173,7,122,173
Chiba,2020-03-31,18,139,191,18,139,191
Chiba,2020-04-01,7,141,198,7,141,198
Chiba,2020-04-02,5,141,203,5,141,203
Chiba,2020-04-03,23,156,226,23,156,226
Chiba,2020-04-04,35,131,261,35,131,261
Chiba,2020-04-05,14,109,275,14,109,275
Chiba,2020-04-06,9,111,284,9,111,284
Chiba,2020-04-07,18,111,302,18,111,302
Chiba,2020-04-08,37,141,339,37,141,339
Chiba,2020-04-09,28,164,367,28,164,367
Chiba,2020-04-10,42,183,409,42,183,409
Chiba,2020-04-11,28,176,437,28,176,437
Chiba,2020-04-12,48,210,485,48,210,485
Chiba,2020-04-13,11,212,496,11,212,496
Chiba,2020-04-14,25,219,521,25,219,521
Chiba,2020-04-15,66,248,587,66,248,587
Chiba,2020-04-16,45,265,632,45,265,632
Chiba,2020-04-17,39,262,671,39,262,671
Chiba,2020-04-18,26,260,697,26,260,697
Chiba,2020-04-19,20,232,717,20,232,717
Chiba,2020-04-20,24,245,741,24,245,741
Chiba,2020-04-21,19,239,760,19,239,760
Chiba,2020-04-22,8,181,768,8,181,768
Chiba,2020-04-23,26,162,794,26,162,794
Chiba,2020-04-24,15,138,809,15,138,809
Chiba,2020-04-25,23,135,832,23,135,832
Chiba,2020-04-26,7,122,839,7,122,839
Chiba,2020-04-27,3,101,842,3,101,842
Chiba,2020-04-28,13,95,855,13,95,855
Chiba,2020-04-29,0,87,855,0,87,855
Chiba,2020-04-30,0,61,855,0,61,855
Ehime,2020-03-02,1,1,1,1,1,1
Ehime,2020-03-03,0,1,1,0,1,1
Ehime,2020-03-04,1,2,2,1,2,2
Ehime,2020-03-05,0,2,2,0,2,2
Ehime,2020-03-06,0,2,2,0,2,2
Ehime,2020-03-07,0,2,2,0,2,2
Ehime,2020-03-08,0,2,2,0,2,2
Ehime,2020-03-09,0,1,2,0,1,2
Ehime,2020-03-10,0,1,2,0,1,2
Ehime,2020-03-11,0,0,2,0,0,2
Ehime,2020-03-12,0,0,2,0,0,2
Ehime,2020-03-13,0,0,2,0,0,2
Ehime,2020-03-14,0,0,2,0,0,2
Ehime,2020-03-15,0,0,2,0,0,2
Ehime,2020-03-16,0,0,2,0,0,2
Ehime,2020-03-17,0,0,2,0,0,2
Ehime,2020-03-18,1,1,3,1,1,3
Ehime,2020-03-19,0,1,3,0,1,3
Ehime,2020-03-20,0,1,3,0,1,3
Ehime,2020-03-21,0,1,3,0,1,3
Ehime,2020-03-22,0,1,3,0,1,3
Ehime,2020-03-23,0,1,3,0,1,3
Ehime,2020-03-24,0,1,3,0,1,3
Ehime,2020-03-25,0,0,3,0,0,3
Ehime,2020-03-26,0,0,3,0,0,3
Ehime,2020-03-27,1,1,4,1,1,4
Ehime,2020-03-28,0,1,4,0,1,4
Ehime,2020-03-29,0,1,4,0,1,4
Ehime,2020-03-30,0,1,4,0,1,4
Ehime,2020-03-31,5,6,9,5,6,9
Ehime,2020-04-01,2,8,11,2,8,11
Ehime,2020-04-02,8,16,19,8,16,19
Ehime,2020-04-03,1,16,20,1,16,20
Ehime,2020-04-04,2,18,22,2,18,22
Ehime,2020-04-05,0,18,22,0,18,22
Ehime,2020-04-06,2,20,24,2,20,24
Ehime,2020-04-07,0,15,24,0,15,24
Ehime,2020-04-08,2,15,26,2,15,26
Ehime,2020-04-09,1,8,27,1,8,27
Ehime,2020-04-10,3,10,30,3,10,30
Ehime,2020-04-11,1,9,31,1,9,31
Ehime,2020-04-12,7,16,38,7,16,38
Ehime,2020-04-13,2,16,40,2,16,40
Ehime,2020-04-14,2,18,42,2,18,42
Ehime,2020-04-15,1,17,43,1,17,43
Ehime,2020-04-16,0,16,43,0,16,43
Ehime,2020-04-17,0,13,43,0,13,43
Ehime,2020-04-18,4,16,47,4,16,47
Ehime,2020-04-19,1,10,48,1,10,48
Ehime,2020-04-20,1,9,49,1,9,49
Ehime,2020-04-21,1,8,50,1,8,50
Ehime,2020-04-22,0,7,50,0,7,50
Ehime,2020-04-23,0,7,50,0,7,50
Ehime,2020-04-24,0,7,50,0,7,50
Ehime,2020-04-25,0,3,50,0,3,50
Ehime,2020-04-26,0,2,50,0,2,50
Ehime,2020-04-27,0,1,50,0,1,50
Ehime,2020-04-28,0,0,50,0,0,50
Ehime,2020-04-29,0,0,50,0,0,50
Ehime,2020-04-30,0,0,50,0,0,50
Fukui,2020-03-19,1,1,1,1,1,1
Fukui,2020-03-20,0,1,1,0,1,1
Fukui,2020-03-21,0,1,1,0,1,1
Fukui,2020-03-22,0,1,1,0,1,1
Fukui,2020-03-23,0,1,1,0,1,1
Fukui,2020-03-24,0,1,1,0,1,1
Fukui,2020-03-25,2,3,3,2,3,3
Fukui,2020-03-26,3,5,6,3,5,6
Fukui,2020-03-27,3,8,9,3,8,9
Fukui,2020-03-28,3,11,12,3,11,12
Fukui,2020-03-29,1,12,13,1,12,13
Fukui,2020-03-30,2,14,15,2,14,15
Fukui,2020-03-31,5,19,20,5,19,20
Fukui,2020-04-01,1,18,21,1,18,21
Fukui,2020-04-02,9,24,30,9,24,30
Fukui,2020-04-03,12,33,42,12,33,42
Fukui,2020-04-04,1,31,43,1,31,43
Fukui,2020-04-05,11,41,54,11,41,54
Fukui,2020-04-06,6,45,60,6,45,60
Fukui,2020-04-07,6,46,66,6,46,66
Fukui,2020-04-08,7,52,73,7,52,73
Fukui,2020-04-09,5,48,78,5,48,78
Fukui,2020-04-10,5,41,83,5,41,83
Fukui,2020-04-11,4,44,87,4,44,87
Fukui,2020-04-12,2,35,89,2,35,89
Fukui,2020-04-13,5,34,94,5,34,94
Fukui,2020-04-14,0,28,94,0,28,94
Fukui,2020-04-15,9,30,103,9,30,103
Fukui,2020-04-16,3,28,106,3,28,106
Fukui,2020-04-17,1,24,107,1,24,107
Fukui,2020-04-18,3,23,110,3,23,110
Fukui,2020-04-19,6,27,116,6,27,116
Fukui,2020-04-20,1,23,117,1,23,117
Fukui,2020-04-21,5,28,122,5,28,122
Fukui,2020-04-22,1,20,123,1,20,123
Fukui,2020-04-23,1,18,124,1,18,124
Fukui,2020-04-24,1,18,125,1,18,125
Fukui,2020-04-25,0,15,125,0,15,125
Fukui,2020-04-26,1,10,126,1,10,126
Fukui,2020-04-27,0,9,126,0,9,126
Fukui,2020-04-28,1,5,127,1,5,127
Fukui,2020-04-29,0,4,127,0,4,127
Fukui,2020-04-30,0,3,127,0,3,127
Fukuoka,2020-02-20,2,2,2,2,2,2
Fukuoka,2020-02-21,0,2,2,0,2,2
Fukuoka,2020-02-22,0,2,2,0,2,2
Fukuoka,2020-02-23,0,2,2,0,2,2
Fukuoka,2020-02-24,0,2,2,0,2,2
Fukuoka,2020-02-25,0,2,2,0,2,2
Fukuoka,2020-02-26,0,2,2,0,2,2
Fukuoka,2020-02-27,0,0,2,0,0,2
Fukuoka,2020-02-28,0,0,2,0,0,2
Fukuoka,2020-02-29,0,0,2,0,0,2
Fukuoka,2020-03-01,1,1,3,1,1,3
Fukuoka,2020-03-02,0,1,3,0,1,3
Fukuoka,2020-03-03,0,1,3,0,1,3
Fukuoka,2020-03-04,0,1,3,0,1,3
Fukuoka,2020-03-05,0,1,3,0,1,3
Fukuoka,2020-03-06,0,1,3,0,1,3
Fukuoka,2020-03-07,0,1,3,0,1,3
Fukuoka,2020-03-08,0,0,3,0,0,3
Fukuoka,2020-03-09,0,0,3,0,0,3
Fukuoka,2020-03-10,0,0,3,0,0,3
Fukuoka,2020-03-11,0,0,3,0,0,3
Fukuoka,2020-03-12,0,0,3,0,0,3
Fukuoka,2020-03-13,0,0,3,0,0,3
Fukuoka,2020-03-14,0,0,3,0,0,3
Fukuoka,2020-03-15,0,0,3,0,0,3
Fukuoka,2020-03-16,0,0,3,0,0,3
Fukuoka,2020-03-17,1,1,4,1,1,4
Fukuoka,2020-03-18,0,1,4,0,1,4
Fukuoka,2020-03-19,1,2,5,1,2,5
Fukuoka,2020-03-20,0,2,5,0,2,5
Fukuoka,2020-03-21,0,2,5,0,2,5
Fukuoka,2020-03-22,0,2,5,0,2,5
Fukuoka,2020-03-23,1,3,6,1,3,6
Fukuoka,2020-03-24,3,5,9,3,5,9
Fukuoka,2020-03-25,0,5,9,0,5,9
Fukuoka,2020-03-26,3,7,12,3,7,12
Fukuoka,2020-03-27,4,11,16,4,11,16
Fukuoka,2020-03-28,6,17,22,6,17,22
Fukuoka,2020-03-29,4,21,26,4,21,26
Fukuoka,2020-03-30,2,22,28,2,22,28
Fukuoka,2020-03-31,18,37,46,18,37,46
Fukuoka,2020-04-01,32,69,78,32,69,78
Fukuoka,2020-04-02,22,88,100,22,88,100
Fukuoka,2020-04-03,20,104,120,20,104,120
Fukuoka,2020-04-04,27,125,147,27,125,147
Fukuoka,2020-04-05,16,137,163,16,137,163
Fukuoka,2020-04-06,14,149,177,14,149,177
Fukuoka,2020-04-07,23,154,200,23,154,200
Fukuoka,2020-04-08,25,147,225,25,147,225
Fukuoka,2020-04-09,26,151,251,26,151,251
Fukuoka,2020-04-10,39,170,290,39,170,290
Fukuoka,2020-04-11,43,186,333,43,186,333
Fukuoka,2020-04-12,30,200,363,30,200,363
Fukuoka,2020-04-13,12,198,375,12,198,375
Fukuoka,2020-04-14,34,209,409,34,209,409
Fukuoka,2020-04-15,32,216,441,32,216,441
Fukuoka,2020-04-16,27,217,468,27,217,468
Fukuoka,2020-04-17,18,196,486,18,196,486
Fukuoka,2020-04-18,26,179,512,26,179,512
Fukuoka,2020-04-19,17,166,529,17,166,529
Fukuoka,2020-04-20,3,157,532,3,157,532
Fukuoka,2020-04-21,21,144,553,21,144,553
Fukuoka,2020-04-22,22,134,575,22,134,575
Fukuoka,2020-04-23,14,121,589,14,121,589
Fukuoka,2020-04-24,12,115,601,12,115,601
Fukuoka,2020-04-25,14,103,615,14,103,615
Fukuoka,2020-04-26,12,98,627,12,98,627
Fukuoka,2020-04-27,10,105,637,10,105,637
Fukuoka,2020-04-28,4,88,641,4,88,641
Fukuoka,2020-04-29,14,80,655,14,80,655
Fukuoka,2020-04-30,0,66,655,0,66,655
Fukushima,2020-03-07,1,1,1,1,1,1
Fukushima,2020-03-08,0,1,1,0,1,1
Fukushima,2020-03-09,0,1,1,0,1,1
Fukushima,2020-03-10,0,1,1,0,1,1
Fukushima,2020-03-11,0,1,1,0,1,1
Fukushima,2020-03-12,0,1,1,0,1,1
Fukushima,2020-03-13,0,1,1,0,1,1
Fukushima,2020-03-14,1,1,2,1,1,2
Fukushima,2020-03-15,0,1,2,0,1,2
Fukushima,2020-03-16,0,1,2,0,1,2
Fukushima,2020-03-17,0,1,2,0,1,2
Fukushima,2020-03-18,0,1,2,0,1,2
Fukushima,2020-03-19,0,1,2,0,1,2
Fukushima,2020-03-20,0,1,2,0,1,2
Fukushima,2020-03-21,0,0,2,0,0,2
Fukushima,2020-03-22,0,0,2,0,0,2
Fukushima,2020-03-23,0,0,2,0,0,2
Fukushima,2020-03-24,0,0,2,0,0,2
Fukushima,2020-03-25,0,0,2,0,0,2
Fukushima,2020-03-26,0,0,2,0,0,2
Fukushima,2020-03-27,0,0,2,0,0,2
Fukushima,2020-03-28,0,0,2,0,0,2
Fukushima,2020-03-29,0,0,2,0,0,2
Fukushima,2020-03-30,0,0,2,0,0,2
Fukushima,2020-03-31,2,2,4,2,2,4
Fukushima,2020-04-01,2,4,6,2,4,6
Fukushima,2020-04-02,2,6,8,2,6,8
Fukushima,2020-04-03,1,7,9,1,7,9
Fukushima,2020-04-04,5,12,14,5,12,14
Fukushima,2020-04-05,2,14,16,2,14,16
Fukushima,2020-04-06,0,14,16,0,14,16
Fukushima,2020-04-07,8,20,24,8,20,24
Fukushima,2020-04-08,5,23,29,5,23,29
Fukushima,2020-04-09,4,25,33,4,25,33
Fukushima,2020-04-10,3,27,36,3,27,36
Fukushima,2020-04-11,1,23,37,1,23,37
Fukushima,2020-04-12,1,22,38,1,22,38
Fukushima,2020-04-13,0,22,38,0,22,38
Fukushima,2020-04-14,1,15,39,1,15,39
Fukushima,2020-04-15,1,11,40,1,11,40
Fukushima,2020-04-16,9,16,49,9,16,49
Fukushima,2020-04-17,3,16,52,3,16,52
Fukushima,2020-04-18,8,23,60,8,23,60
Fukushima,2020-04-19,2,24,62,2,24,62
Fukushima,2020-04-20,2,26,64,2,26,64
Fukushima,2020-04-21,0,25,64,0,25,64
Fukushima,2020-04-22,1,25,65,1,25,65
Fukushima,2020-04-23,0,16,65,0,16,65
Fukushima,2020-04-24,1,14,66,1,14,66
Fukushima,2020-04-25,2,8,68,2,8,68
Fukushima,2020-04-26,1,7,69,1,7,69
Fukushima,2020-04-27,0,5,69,0,5,69
Fukushima,2020-04-28,1,6,70,1,6,70
Fukushima,2020-04-29,2,7,72,2,7,72
Fukushima,2020-04-30,0,7,72,0,7,72
Gifu,2020-02-26,1,1,1,1,1,1
Gifu,2020-02-27,1,2,2,1,2,2
Gifu,2020-02-28,0,2,2,0,2,2
Gifu,2020-02-29,0,2,2,0,2,2
Gifu,2020-03-01,0,2,2,0,2,2
Gifu,2020-03-02,0,2,2,0,2,2
Gifu,2020-03-03,0,2,2,0,2,2
Gifu,2020-03-04,0,1,2,0,1,2
Gifu,2020-03-05,0,0,2,0,0,2
Gifu,2020-03-06,0,0,2,0,0,2
Gifu,2020-03-07,0,0,2,0,0,2
Gifu,2020-03-08,0,0,2,0,0,2
Gifu,2020-03-09,0,0,2,0,0,2
Gifu,2020-03-10,0,0,2,0,0,2
Gifu,2020-03-11,0,0,2,0,0,2
Gifu,2020-03-12,0,0,2,0,0,2
Gifu,2020-03-13,0,0,2,0,0,2
Gifu,2020-03-14,0,0,2,0,0,2
Gifu,2020-03-15,0,0,2,0,0,2
Gifu,2020-03-16,0,0,2,0,0,2
Gifu,2020-03-17,1,1,3,1,1,3
Gifu,2020-03-18,0,1,3,0,1,3
Gifu,2020-03-19,0,1,3,0,1,3
Gifu,2020-03-20,0,1,3,0,1,3
Gifu,2020-03-21,0,1,3,0,1,3
Gifu,2020-03-22,2,3,5,2,3,5
Gifu,2020-03-23,3,6,8,3,6,8
Gifu,2020-03-24,3,8,11,3,8,11
Gifu,2020-03-25,1,9,12,1,9,12
Gifu,2020-03-26,3,12,15,3,12,15
Gifu,2020-03-27,2,14,17,2,14,17
Gifu,2020-03-28,2,16,19,2,16,19
Gifu,2020-03-29,1,15,20,1,15,20
Gifu,2020-03-30,2,14,22,2,14,22
Gifu,2020-03-31,4,15,26,4,15,26
Gifu,2020-04-01,5,19,31,5,19,31
Gifu,2020-04-02,5,21,36,5,21,36
Gifu,2020-04-03,4,23,40,4,23,40
Gifu,2020-04-04,7,28,47,7,28,47
Gifu,2020-04-05,11,38,58,11,38,58
Gifu,2020-04-06,1,37,59,1,37,59
Gifu,2020-04-07,10,43,69,10,43,69
Gifu,2020-04-08,8,46,77,8,46,77
Gifu,2020-04-09,10,51,87,10,51,87
Gifu,2020-04-10,10,57,97,10,57,97
Gifu,2020-04-11,9,59,106,9,59,106
Gifu,2020-04-12,6,54,112,6,54,112
Gifu,2020-04-13,7,60,119,7,60,119
Gifu,2020-04-14,8,58,127,8,58,127
Gifu,2020-04-15,3,53,130,3,53,130
Gifu,2020-04-16,5,48,135,5,48,135
Gifu,2020-04-17,1,39,136,1,39,136
Gifu,2020-04-18,1,31,137,1,31,137
Gifu,2020-04-19,2,27,139,2,27,139
Gifu,2020-04-20,1,21,140,1,21,140
Gifu,2020-04-21,4,17,144,4,17,144
Gifu,2020-04-22,3,17,147,3,17,147
Gifu,2020-04-23,2,14,149,2,14,149
Gifu,2020-04-24,0,13,149,0,13,149
Gifu,2020-04-25,0,12,149,0,12,149
Gifu,2020-04-26,0,10,149,0,10,149
Gifu,2020-04-27,0,9,149,0,9,149
Gifu,2020-04-28,0,5,149,0,5,149
Gifu,2020-04-29,0,2,149,0,2,149
Gifu,2020-04-30,0,0,149,0,0,149
Hiroshima,2020-03-07,1,1,1,1,1,1
Hiroshima,2020-03-08,0,1,1,0,1,1
Hiroshima,2020-03-09,0,1,1,0,1,1
Hiroshima,2020-03-10,0,1,1,0,1,1
Hiroshima,2020-03-11,0,1,1,0,1,1
Hiroshima,2020-03-12,0,1,1,0,1,1
Hiroshima,2020-03-13,0,1,1,0,1,1
Hiroshima,2020-03-14,0,0,1,0,0,1
Hiroshima,2020-03-15,0,0,1,0,0,1
Hiroshima,2020-03-16,0,0,1,0,0,1
Hiroshima,2020-03-17,0,0,1,0,0,1
Hiroshima,2020-03-18,0,0,1,0,0,1
Hiroshima,2020-03-19,0,0,1,0,0,1
Hiroshima,2020-03-20,1,1,2,1,1,2
Hiroshima,2020-03-21,1,2,3,1,2,3
Hiroshima,2020-03-22,0,2,3,0,2,3
Hiroshima,2020-03-23,0,2,3,0,2,3
Hiroshima,2020-03-24,0,2,3,0,2,3
Hiroshima,2020-03-25,0,2,3,0,2,3
Hiroshima,2020-03-26,1,3,4,1,3,4
Hiroshima,2020-03-27,0,2,4,0,2,4
Hiroshima,2020-03-28,0,1,4,0,1,4
Hiroshima,2020-03-29,2,3,6,2,3,6
Hiroshima,2020-03-30,0,3,6,0,3,6
Hiroshima,2020-03-31,0,3,6,0,3,6
Hiroshima,2020-04-01,4,7,10,4,7,10
Hiroshima,2020-04-02,1,7,11,1,7,11
Hiroshima,2020-04-03,2,9,13,2,9,13
Hiroshima,2020-04-04,2,11,15,2,11,15
Hiroshima,2020-04-05,0,9,15,0,9,15
Hiroshima,2020-04-06,1,10,16,1,10,16
Hiroshima,2020-04-07,3,13,19,3,13,19
Hiroshima,2020-04-08,5,14,24,5,14,24
Hiroshima,2020-04-09,1,14,25,1,14,25
Hiroshima,2020-04-10,6,18,31,6,18,31
Hiroshima,2020-04-11,25,41,56,25,41,56
Hiroshima,2020-04-12,9,50,65,9,50,65
Hiroshima,2020-04-13,7,56,72,7,56,72
Hiroshima,2020-04-14,25,78,97,25,78,97
Hiroshima,2020-04-15,14,87,111,14,87,111
Hiroshima,2020-04-16,10,96,121,10,96,121
Hiroshima,2020-04-17,3,93,124,3,93,124
Hiroshima,2020-04-18,10,78,134,10,78,134
Hiroshima,2020-04-19,4,73,138,4,73,138
Hiroshima,2020-04-20,1,67,139,1,67,139
Hiroshima,2020-04-21,3,45,142,3,45,142
Hiroshima,2020-04-22,3,34,145,3,34,145
Hiroshima,2020-04-23,0,24,145,0,24,145
Hiroshima,2020-04-24,2,23,147,2,23,147
Hiroshima,2020-04-25,3,16,150,3,16,150
Hiroshima,2020-04-26,1,13,151,1,13,151
Hiroshima,2020-04-27,0,12,151,0,12,151
Hiroshima,2020-04-28,5,14,156,5,14,156
Hiroshima,2020-04-29,0,11,156,0,11,156
Hiroshima,2020-04-30,0,11,156,0,11,156
Hokkaido,2020-01-28,1,1,1,1,1,1
Hokkaido,2020-01-29,0,1,1,0,1,1
Hokkaido,2020-01-30,0,1,1,0,1,1
Hokkaido,2020-01-31,0,1,1,0,1,1
Hokkaido,2020-02-01,0,1,1,0,1,1
Hokkaido,2020-02-02,0,1,1,0,1,1
Hokkaido,2020-02-03,0,1,1,0,1,1
Hokkaido,2020-02-04,0,0,1,0,0,1
Hokkaido,2020-02-05,0,0,1,0,0,1
Hokkaido,2020-02-06,0,0,1,0,0,1
Hokkaido,2020-02-07,0,0,1,0,0,1
Hokkaido,2020-02-08,0,0,1,0,0,1
Hokkaido,2020-02-09,0,0,1,0,0,1
Hokkaido,2020-02-10,0,0,1,0,0,1
Hokkaido,2020-02-11,0,0,1,0,0,1
Hokkaido,2020-02-12,0,0,1,0,0,1
Hokkaido,2020-02-13,0,0,1,0,0,1
Hokkaido,2020-02-14,1,1,2,1,1,2
Hokkaido,2020-02-15,0,1,2,0,1,2
Hokkaido,2020-02-16,0,1,2,0,1,2
Hokkaido,2020-02-17,0,1,2,0,1,2
Hokkaido,2020-02-18,1,2,3,1,2,3
Hokkaido,2020-02-19,1,3,4,1,3,4
Hokkaido,2020-02-20,1,4,5,1,4,5
Hokkaido,2020-02-21,3,6,8,3,6,8
Hokkaido,2020-02-22,9,15,17,9,15,17
Hokkaido,2020-02-23,9,24,26,9,24,26
Hokkaido,2020-02-24,4,28,30,4,28,30
Hokkaido,2020-02-25,5,32,35,5,32,35
Hokkaido,2020-02-26,4,35,39,4,35,39
Hokkaido,2020-02-27,15,49,54,15,49,54
Hokkaido,2020-02-28,12,58,66,12,58,66
Hokkaido,2020-02-29,4,53,70,4,53,70
Hokkaido,2020-03-01,2,46,72,2,46,72
Hokkaido,2020-03-02,5,47,77,5,47,77
Hokkaido,2020-03-03,2,44,79,2,44,79
Hokkaido,2020-03-04,3,43,82,3,43,82
Hokkaido,2020-03-05,1,29,83,1,29,83
Hokkaido,2020-03-06,7,24,90,7,24,90
Hokkaido,2020-03-07,8,28,98,8,28,98
Hokkaido,2020-03-08,3,29,101,3,29,101
Hokkaido,2020-03-09,7,31,108,7,31,108
Hokkaido,2020-03-10,3,32,111,3,32,111
Hokkaido,2020-03-11,7,36,118,7,36,118
Hokkaido,2020-03-12,10,45,128,10,45,128
Hokkaido,2020-03-13,9,47,137,9,47,137
Hokkaido,2020-03-14,7,46,144,7,46,144
Hokkaido,2020-03-15,4,47,148,4,47,148
Hokkaido,2020-03-16,4,44,152,4,44,152
Hokkaido,2020-03-17,0,41,152,0,41,152
Hokkaido,2020-03-18,2,36,154,2,36,154
Hokkaido,2020-03-19,3,29,157,3,29,157
Hokkaido,2020-03-20,1,21,158,1,21,158
Hokkaido,2020-03-21,1,15,159,1,15,159
Hokkaido,2020-03-22,3,14,162,3,14,162
Hokkaido,2020-03-23,0,10,162,0,10,162
Hokkaido,2020-03-24,1,11,163,1,11,163
Hokkaido,2020-03-25,5,14,168,5,14,168
Hokkaido,2020-03-26,0,11,168,0,11,168
Hokkaido,2020-03-27,2,12,170,2,12,170
Hokkaido,2020-03-28,3,14,173,3,14,173
Hokkaido,2020-03-29,4,15,177,4,15,177
Hokkaido,2020-03-30,1,16,178,1,16,178
Hokkaido,2020-03-31,0,15,178,0,15,178
Hokkaido,2020-04-01,6,16,184,6,16,184
Hokkaido,2020-04-02,3,19,187,3,19,187
Hokkaido,2020-04-03,5,22,192,5,22,192
Hokkaido,2020-04-04,3,22,195,3,22,195
Hokkaido,2020-04-05,1,19,196,1,19,196
Hokkaido,2020-04-06,1,19,197,1,19,197
Hokkaido,2020-04-07,4,23,201,4,23,201
Hokkaido,2020-04-08,10,27,211,10,27,211
Hokkaido,2020-04-09,18,42,229,18,42,229
Hokkaido,2020-04-10,13,50,242,13,50,242
Hokkaido,2020-04-11,16,63,258,16,63,258
Hokkaido,2020-04-12,13,75,271,13,75,271
Hokkaido,2020-04-13,5,79,276,5,79,276
Hokkaido,2020-04-14,18,93,294,18,93,294
Hokkaido,2020-04-15,24,107,318,24,107,318
Hokkaido,2020-04-16,23,112,341,23,112,341
Hokkaido,2020-04-17,35,134,376,35,134,376
Hokkaido,2020-04-18,39,157,415,39,157,415
Hokkaido,2020-04-19,27,171,442,27,171,442
Hokkaido,2020-04-20,20,186,462,20,186,462
Hokkaido,2020-04-21,25,193,487,25,193,487
Hokkaido,2020-04-22,25,194,512,25,194,512
Hokkaido,2020-04-23,45,216,557,45,216,557
Hokkaido,2020-04-24,22,203,579,22,203,579
Hokkaido,2020-04-25,39,203,618,39,203,618
Hokkaido,2020-04-26,14,190,632,14,190,632
Hokkaido,2020-04-27,36,206,668,36,206,668
Hokkaido,2020-04-28,39,220,707,39,220,707
Hokkaido,2020-04-29,38,233,745,38,233,745
Hokkaido,2020-04-30,0,188,745,0,188,745
Hyogo,2020-03-01,1,1,1,1,1,1
Hyogo,2020-03-02,0,1,1,0,1,1
Hyogo,2020-03-03,2,3,3,2,3,3
Hyogo,2020-03-04,0,3,3,0,3,3
Hyogo,2020-03-05,1,4,4,1,4,4
Hyogo,2020-03-06,4,8,8,4,8,8
Hyogo,2020-03-07,2,10,10,2,10,10
Hyogo,2020-03-08,2,11,12,2,11,12
Hyogo,2020-03-09,4,15,16,4,15,16
Hyogo,2020-03-10,8,21,24,8,21,24
Hyogo,2020-03-11,14,35,38,14,35,38
Hyogo,2020-03-12,8,42,46,8,42,46
Hyogo,2020-03-13,10,48,56,10,48,56
Hyogo,2020-03-14,11,57,67,11,57,67
Hyogo,2020-03-15,11,66,78,11,66,78
Hyogo,2020-03-16,4,66,82,4,66,82
Hyogo,2020-03-17,7,65,89,7,65,89
Hyogo,2020-03-18,2,53,91,2,53,91
Hyogo,2020-03-19,2,47,93,2,47,93
Hyogo,2020-03-20,8,45,101,8,45,101
Hyogo,2020-03-21,6,40,107,6,40,107
Hyogo,2020-03-22,4,33,111,4,33,111
Hyogo,2020-03-23,2,31,113,2,31,113
Hyogo,2020-03-24,5,29,118,5,29,118
Hyogo,2020-03-25,1,28,119,1,28,119
Hyogo,2020-03-26,1,27,120,1,27,120
Hyogo,2020-03-27,3,22,123,3,22,123
Hyogo,2020-03-28,3,19,126,3,19,126
Hyogo,2020-03-29,7,22,133,7,22,133
Hyogo,2020-03-30,3,23,136,3,23,136
Hyogo,2020-03-31,9,27,145,9,27,145
Hyogo,2020-04-01,18,44,163,18,44,163
Hyogo,2020-04-02,7,50,170,7,50,170
Hyogo,2020-04-03,6,53,176,6,53,176
Hyogo,2020-04-04,15,65,191,15,65,191
Hyogo,2020-04-05,13,71,204,13,71,204
Hyogo,2020-04-06,7,75,211,7,75,211
Hyogo,2020-04-07,20,86,231,20,86,231
Hyogo,2020-04-08,19,87,250,19,87,250
Hyogo,2020-04-09,39,119,289,39,119,289
Hyogo,2020-04-10,29,142,318,29,142,318
Hyogo,2020-04-11,43,170,361,43,170,361
Hyogo,2020-04-12,17,174,378,17,174,378
Hyogo,2020-04-13,10,177,388,10,177,388
Hyogo,2020-04-14,20,177,408,20,177,408
Hyogo,2020-04-15,20,178,428,20,178,428
Hyogo,2020-04-16,33,172,461,33,172,461
Hyogo,2020-04-17,27,170,488,27,170,488
Hyogo,2020-04-18,23,150,511,23,150,511
Hyogo,2020-04-19,13,146,524,13,146,524
Hyogo,2020-04-20,12,148,536,12,148,536
Hyogo,2020-04-21,19,147,555,19,147,555
Hyogo,2020-04-22,17,144,572,17,144,572
Hyogo,2020-04-23,20,131,592,20,131,592
Hyogo,2020-04-24,26,130,618,26,130,618
Hyogo,2020-04-25,17,124,635,17,124,635
Hyogo,2020-04-26,9,120,644,9,120,644
Hyogo,2020-04-27,1,109,645,1,109,645
Hyogo,2020-04-28,9,99,654,9,99,654
Hyogo,2020-04-29,6,88,660,6,88,660
Hyogo,2020-04-30,0,68,660,0,68,660
Ibaraki,2020-03-17,1,1,1,1,1,1
Ibaraki,2020-03-18,1,2,2,1,2,2
Ibaraki,2020-03-19,1,3,3,1,3,3
Ibaraki,2020-03-20,0,3,3,0,3,3
Ibaraki,2020-03-21,0,3,3,0,3,3
Ibaraki,2020-03-22,0,3,3,0,3,3
Ibaraki,2020-03-23,2,5,5,2,5,5
Ibaraki,2020-03-24,5,9,10,5,9,10
Ibaraki,2020-03-25,0,8,10,0,8,10
Ibaraki,2020-03-26,0,7,10,0,7,10
Ibaraki,2020-03-27,3,10,13,3,10,13
Ibaraki,2020-03-28,3,13,16,3,13,16
Ibaraki,2020-03-29,0,13,16,0,13,16
Ibaraki,2020-03-30,4,15,20,4,15,20
Ibaraki,2020-03-31,4,14,24,4,14,24
Ibaraki,2020-04-01,21,35,45,21,35,45
Ibaraki,2020-04-02,1,36,46,1,36,46
Ibaraki,2020-04-03,10,43,56,10,43,56
Ibaraki,2020-04-04,5,45,61,5,45,61
Ibaraki,2020-04-05,5,50,66,5,50,66
Ibaraki,2020-04-06,7,53,73,7,53,73
Ibaraki,2020-04-07,7,56,80,7,56,80
Ibaraki,2020-04-08,0,35,80,0,35,80
Ibaraki,2020-04-09,3,37,83,3,37,83
Ibaraki,2020-04-10,11,38,94,11,38,94
Ibaraki,2020-04-11,12,45,106,12,45,106
Ibaraki,2020-04-12,8,48,114,8,48,114
Ibaraki,2020-04-13,1,42,115,1,42,115
Ibaraki,2020-04-14,6,41,121,6,41,121
Ibaraki,2020-04-15,3,44,124,3,44,124
Ibaraki,2020-04-16,4,45,128,4,45,128
Ibaraki,2020-04-17,8,42,136,8,42,136
Ibaraki,2020-04-18,4,34,140,4,34,140
Ibaraki,2020-04-19,4,30,144,4,30,144
Ibaraki,2020-04-20,4,33,148,4,33,148
Ibaraki,2020-04-21,4,31,152,4,31,152
Ibaraki,2020-04-22,5,33,157,5,33,157
Ibaraki,2020-04-23,2,31,159,2,31,159
Ibaraki,2020-04-24,4,27,163,4,27,163
Ibaraki,2020-04-25,3,26,166,3,26,166
Ibaraki,2020-04-26,1,23,167,1,23,167
Ibaraki,2020-04-27,0,19,167,0,19,167
Ibaraki,2020-04-28,1,16,168,1,16,168
Ibaraki,2020-04-29,0,11,168,0,11,168
Ibaraki,2020-04-30,0,9,168,0,9,168
Ishikawa,2020-02-21,1,1,1,1,1,1
Ishikawa,2020-02-22,1,2,2,1,2,2
Ishikawa,2020-02-23,0,2,2,0,2,2
Ishikawa,2020-02-24,1,3,3,1,3,3
Ishikawa,2020-02-25,1,4,4,1,4,4
Ishikawa,2020-02-26,0,4,4,0,4,4
Ishikawa,2020-02-27,1,5,5,1,5,5
Ishikawa,2020-02-28,1,5,6,1,5,6
Ishikawa,2020-02-29,0,4,6,0,4,6
Ishikawa,2020-03-01,0,4,6,0,4,6
Ishikawa,2020-03-02,0,3,6,0,3,6
Ishikawa,2020-03-03,0,2,6,0,2,6
Ishikawa,2020-03-04,0,2,6,0,2,6
Ishikawa,2020-03-05,0,1,6,0,1,6
Ishikawa,2020-03-06,0,0,6,0,0,6
Ishikawa,2020-03-07,0,0,6,0,0,6
Ishikawa,2020-03-08,0,0,6,0,0,6
Ishikawa,2020-03-09,1,1,7,1,1,7
Ishikawa,2020-03-10,0,1,7,0,1,7
Ishikawa,2020-03-11,0,1,7,0,1,7
Ishikawa,2020-03-12,0,1,7,0,1,7
Ishikawa,2020-03-13,0,1,7,0,1,7
Ishikawa,2020-03-14,0,1,7,0,1,7
Ishikawa,2020-03-15,0,1,7,0,1,7
Ishikawa,2020-03-16,0,0,7,0,0,7
Ishikawa,2020-03-17,0,0,7,0,0,7
Ishikawa,2020-03-18,0,0,7,0,0,7
Ishikawa,2020-03-19,0,0,7,0,0,7
Ishikawa,2020-03-20,1,1,8,1,1,8
Ishikawa,2020-03-21,0,1,8,0,1,8
Ishikawa,2020-03-22,0,1,8,0,1,8
Ishikawa,2020-03-23,0,1,8,0,1,8
Ishikawa,2020-03-24,0,1,8,0,1,8
Ishikawa,2020-03-25,0,1,8,0,1,8
Ishikawa,2020-03-26,0,1,8,0,1,8
Ishikawa,2020-03-27,0,0,8,0,0,8
Ishikawa,2020-03-28,1,1,9,1,1,9
Ishikawa,2020-03-29,0,1,9,0,1,9
Ishikawa,2020-03-30,2,3,11,2,3,11
Ishikawa,2020-03-31,2,5,13,2,5,13
Ishikawa,2020-04-01,2,7,15,2,7,15
Ishikawa,2020-04-02,1,8,16,1,8,16
Ishikawa,2020-04-03,8,16,24,8,16,24
Ishikawa,2020-04-04,8,23,32,8,23,32
Ishikawa,2020-04-05,11,34,43,11,34,43
Ishikawa,2020-04-06,2,34,45,2,34,45
Ishikawa,2020-04-07,10,42,55,10,42,55
Ishikawa,2020-04-08,11,51,66,11,51,66
Ishikawa,2020-04-09,6,56,72,6,56,72
Ishikawa,2020-04-10,20,68,92,20,68,92
Ishikawa,2020-04-11,12,72,104,12,72,104
Ishikawa,2020-04-12,9,70,113,9,70,113
Ishikawa,2020-04-13,8,76,121,8,76,121
Ishikawa,2020-04-14,13,79,134,13,79,134
Ishikawa,2020-04-15,10,78,144,10,78,144
Ishikawa,2020-04-16,7,79,151,7,79,151
Ishikawa,2020-04-17,14,73,165,14,73,165
Ishikawa,2020-04-18,13,74,178,13,74,178
Ishikawa,2020-04-19,5,70,183,5,70,183
Ishikawa,2020-04-20,3,65,186,3,65,186
Ishikawa,2020-04-21,9,61,195,9,61,195
Ishikawa,2020-04-22,9,60,204,9,60,204
Ishikawa,2020-04-23,17,70,221,17,70,221
Ishikawa,2020-04-24,6,62,227,6,62,227
Ishikawa,2020-04-25,2,51,229,2,51,229
Ishikawa,2020-04-26,5,51,234,5,51,234
Ishikawa,2020-04-27,15,63,249,15,63,249
Ishikawa,2020-04-28,9,63,258,9,63,258
Ishikawa,2020-04-29,5,59,263,5,59,263
Ishikawa,2020-04-30,0,42,263,0,42,263
Kagawa,2020-03-17,1,1,1,1,1,1
Kagawa,2020-03-18,0,1,1,0,1,1
Kagawa,2020-03-19,0,1,1,0,1,1
Kagawa,2020-03-20,0,1,1,0,1,1
Kagawa,2020-03-21,0,1,1,0,1,1
Kagawa,2020-03-22,0,1,1,0,1,1
Kagawa,2020-03-23,0,1,1,0,1,1
Kagawa,2020-03-24,0,0,1,0,0,1
Kagawa,2020-03-25,0,0,1,0,0,1
Kagawa,2020-03-26,0,0,1,0,0,1
Kagawa,2020-03-27,0,0,1,0,0,1
Kagawa,2020-03-28,0,0,1,0,0,1
Kagawa,2020-03-29,0,0,1,0,0,1
Kagawa,2020-03-30,0,0,1,0,0,1
Kagawa,2020-03-31,1,1,2,1,1,2
Kagawa,2020-04-01,0,1,2,0,1,2
Kagawa,2020-04-02,0,1,2,0,1,2
Kagawa,2020-04-03,0,1,2,0,1,2
Kagawa,2020-04-04,0,1,2,0,1,2
Kagawa,2020-04-05,0,1,2,0,1,2
Kagawa,2020-04-06,0,1,2,0,1,2
Kagawa,2020-04-07,0,0,2,0,0,2
Kagawa,2020-04-08,1,1,3,1,1,3
Kagawa,2020-04-09,0,1,3,0,1,3
Kagawa,2020-04-10,1,2,4,1,2,4
Kagawa,2020-04-11,0,2,4,0,2,4
Kagawa,2020-04-12,4,6,8,4,6,8
Kagawa,2020-04-13,11,17,19,11,17,19
Kagawa,2020-04-14,1,18,20,1,18,20
Kagawa,2020-04-15,0,17,20,0,17,20
Kagawa,2020-04-16,2,19,22,2,19,22
Kagawa,2020-04-17,2,20,24,2,20,24
Kagawa,2020-04-18,1,21,25,1,21,25
Kagawa,2020-04-19,1,18,26,1,18,26
Kagawa,2020-04-20,2,9,28,2,9,28
Kagawa,2020-04-21,0,8,28,0,8,28
Kagawa,2020-04-22,0,8,28,0,8,28
Kagawa,2020-04-23,0,6,28,0,6,28
Kagawa,2020-04-24,0,4,28,0,4,28
Kagawa,2020-04-25,0,3,28,0,3,28
Kagawa,2020-04-26,0,2,28,0,2,28
Kagawa,2020-04-27,0,0,28,0,0,28
Kagawa,2020-04-28,0,0,28,0,0,28
Kagawa,2020-04-29,0,0,28,0,0,28
Kagawa,2020-04-30,0,0,28,0,0,28
Kagoshima,2020-03-26,1,1,1,1,1,1
Kagoshima,2020-03-27,0,1,1,0,1,1
Kagoshima,2020-03-28,0,1,1,0,1,1
Kagoshima,2020-03-29,0,1,1,0,1,1
Kagoshima,2020-03-30,0,1,1,0,1,1
Kagoshima,2020-03-31,0,1,1,0,1,1
Kagoshima,2020-04-01,1,2,2,1,2,2
Kagoshima,2020-04-02,1,2,3,1,2,3
Kagoshima,2020-04-03,0,2,3,0,2,3
Kagoshima,2020-04-04,0,2,3,0,2,3
Kagoshima,2020-04-05,0,2,3,0,2,3
Kagoshima,2020-04-06,0,2,3,0,2,3
Kagoshima,2020-04-07,0,2,3,0,2,3
Kagoshima,2020-04-08,1,2,4,1,2,4
Kagoshima,2020-04-09,0,1,4,0,1,4
Kagoshima,2020-04-10,0,1,4,0,1,4
Kagoshima,2020-04-11,0,1,4,0,1,4
Kagoshima,2020-04-12,0,1,4,0,1,4
Kagoshima,2020-04-13,0,1,4,0,1,4
Kagoshima,2020-04-14,0,1,4,0,1,4
Kagoshima,2020-04-15,0,0,4,0,0,4
Kagoshima,2020-04-16,0,0,4,0,0,4
Kagoshima,2020-04-17,2,2,6,2,2,6
Kagoshima,2020-04-18,1,3,7,1,3,7
Kagoshima,2020-04-19,1,4,8,1,4,8
Kagoshima,2020-04-20,2,6,10,2,6,10
Kagoshima,2020-04-21,0,6,10,0,6,10
Kagoshima,2020-04-22,0,6,10,0,6,10
Kagoshima,2020-04-23,0,6,10,0,6,10
Kagoshima,2020-04-24,0,4,10,0,4,10
Kagoshima,2020-04-25,0,3,10,0,3,10
Kagoshima,2020-04-26,0,2,10,0,2,10
Kagoshima,2020-04-27,0,0,10,0,0,10
Kagoshima,2020-04-28,0,0,10,0,0,10
Kagoshima,2020-04-29,0,0,10,0,0,10
Kagoshima,2020-04-30,0,0,10,0,0,10
Kanagawa,2020-01-15,1,NA,1,1,NA,1
Kanagawa,2020-01-16,0,NA,1,0,NA,1
Kanagawa,2020-01-17,0,NA,1,0,NA,1
Kanagawa,2020-01-18,0,NA,1,0,NA,1
Kanagawa,2020-01-19,0,NA,1,0,NA,1
Kanagawa,2020-01-20,0,NA,1,0,NA,1
Kanagawa,2020-01-21,0,NA,1,0,NA,1
Kanagawa,2020-01-22,0,0,1,0,0,1
Kanagawa,2020-01-23,0,0,1,0,0,1
Kanagawa,2020-01-24,0,0,1,0,0,1
Kanagawa,2020-01-25,0,0,1,0,0,1
Kanagawa,2020-01-26,0,0,1,0,0,1
Kanagawa,2020-01-27,0,0,1,0,0,1
Kanagawa,2020-01-28,0,0,1,0,0,1
Kanagawa,2020-01-29,0,0,1,0,0,1
Kanagawa,2020-01-30,0,0,1,0,0,1
Kanagawa,2020-01-31,0,0,1,0,0,1
Kanagawa,2020-02-01,0,0,1,0,0,1
Kanagawa,2020-02-02,0,0,1,0,0,1
Kanagawa,2020-02-03,0,0,1,0,0,1
Kanagawa,2020-02-04,0,0,1,0,0,1
Kanagawa,2020-02-05,0,0,1,0,0,1
Kanagawa,2020-02-06,0,0,1,0,0,1
Kanagawa,2020-02-07,0,0,1,0,0,1
Kanagawa,2020-02-08,0,0,1,0,0,1
Kanagawa,2020-02-09,0,0,1,0,0,1
Kanagawa,2020-02-10,0,0,1,0,0,1
Kanagawa,2020-02-11,0,0,1,0,0,1
Kanagawa,2020-02-12,0,0,1,0,0,1
Kanagawa,2020-02-13,1,1,2,1,1,2
Kanagawa,2020-02-14,0,1,2,0,1,2
Kanagawa,2020-02-15,0,1,2,0,1,2
Kanagawa,2020-02-16,0,1,2,0,1,2
Kanagawa,2020-02-17,1,2,3,1,2,3
Kanagawa,2020-02-18,3,5,6,3,5,6
Kanagawa,2020-02-19,0,5,6,0,5,6
Kanagawa,2020-02-20,2,6,8,2,6,8
Kanagawa,2020-02-21,3,9,11,3,9,11
Kanagawa,2020-02-22,4,13,15,4,13,15
Kanagawa,2020-02-23,0,13,15,0,13,15
Kanagawa,2020-02-24,1,13,16,1,13,16
Kanagawa,2020-02-25,0,10,16,0,10,16
Kanagawa,2020-02-26,2,12,18,2,12,18
Kanagawa,2020-02-27,3,13,21,3,13,21
Kanagawa,2020-02-28,1,11,22,1,11,22
Kanagawa,2020-02-29,0,7,22,0,7,22
Kanagawa,2020-03-01,3,10,25,3,10,25
Kanagawa,2020-03-02,5,14,30,5,14,30
Kanagawa,2020-03-03,1,15,31,1,15,31
Kanagawa,2020-03-04,0,13,31,0,13,31
Kanagawa,2020-03-05,4,14,35,4,14,35
Kanagawa,2020-03-06,5,18,40,5,18,40
Kanagawa,2020-03-07,1,19,41,1,19,41
Kanagawa,2020-03-08,0,16,41,0,16,41
Kanagawa,2020-03-09,0,11,41,0,11,41
Kanagawa,2020-03-10,2,12,43,2,12,43
Kanagawa,2020-03-11,3,15,46,3,15,46
Kanagawa,2020-03-12,3,14,49,3,14,49
Kanagawa,2020-03-13,1,10,50,1,10,50
Kanagawa,2020-03-14,1,10,51,1,10,51
Kanagawa,2020-03-15,6,16,57,6,16,57
Kanagawa,2020-03-16,0,16,57,0,16,57
Kanagawa,2020-03-17,3,17,60,3,17,60
Kanagawa,2020-03-18,2,16,62,2,16,62
Kanagawa,2020-03-19,6,19,68,6,19,68
Kanagawa,2020-03-20,2,20,70,2,20,70
Kanagawa,2020-03-21,4,23,74,4,23,74
Kanagawa,2020-03-22,5,22,79,5,22,79
Kanagawa,2020-03-23,0,22,79,0,22,79
Kanagawa,2020-03-24,6,25,85,6,25,85
Kanagawa,2020-03-25,4,27,89,4,27,89
Kanagawa,2020-03-26,9,30,98,9,30,98
Kanagawa,2020-03-27,8,36,106,8,36,106
Kanagawa,2020-03-28,12,44,118,12,44,118
Kanagawa,2020-03-29,9,48,127,9,48,127
Kanagawa,2020-03-30,3,51,130,3,51,130
Kanagawa,2020-03-31,14,59,144,14,59,144
Kanagawa,2020-04-01,28,83,172,28,83,172
Kanagawa,2020-04-02,27,101,199,27,101,199
Kanagawa,2020-04-03,20,113,219,20,113,219
Kanagawa,2020-04-04,21,122,240,21,122,240
Kanagawa,2020-04-05,27,140,267,27,140,267
Kanagawa,2020-04-06,6,143,273,6,143,273
Kanagawa,2020-04-07,18,147,291,18,147,291
Kanagawa,2020-04-08,64,183,355,64,183,355
Kanagawa,2020-04-09,28,184,383,28,184,383
Kanagawa,2020-04-10,57,221,440,57,221,440
Kanagawa,2020-04-11,76,276,516,76,276,516
Kanagawa,2020-04-12,31,280,547,31,280,547
Kanagawa,2020-04-13,15,289,562,15,289,562
Kanagawa,2020-04-14,20,291,582,20,291,582
Kanagawa,2020-04-15,40,267,622,40,267,622
Kanagawa,2020-04-16,56,295,678,56,295,678
Kanagawa,2020-04-17,34,272,712,34,272,712
Kanagawa,2020-04-18,44,240,756,44,240,756
Kanagawa,2020-04-19,30,239,786,30,239,786
Kanagawa,2020-04-20,17,241,803,17,241,803
Kanagawa,2020-04-21,14,235,817,14,235,817
Kanagawa,2020-04-22,25,220,842,25,220,842
Kanagawa,2020-04-23,40,204,882,40,204,882
Kanagawa,2020-04-24,32,202,914,32,202,914
Kanagawa,2020-04-25,31,189,945,31,189,945
Kanagawa,2020-04-26,17,176,962,17,176,962
Kanagawa,2020-04-27,6,165,968,6,165,968
Kanagawa,2020-04-28,10,161,978,10,161,978
Kanagawa,2020-04-29,27,163,1005,27,163,1005
Kanagawa,2020-04-30,0,123,1005,0,123,1005
Kochi,2020-02-29,1,1,1,1,1,1
Kochi,2020-03-01,1,2,2,1,2,2
Kochi,2020-03-02,1,3,3,1,3,3
Kochi,2020-03-03,0,3,3,0,3,3
Kochi,2020-03-04,4,7,7,4,7,7
Kochi,2020-03-05,0,7,7,0,7,7
Kochi,2020-03-06,2,9,9,2,9,9
Kochi,2020-03-07,1,9,10,1,9,10
Kochi,2020-03-08,2,10,12,2,10,12
Kochi,2020-03-09,0,9,12,0,9,12
Kochi,2020-03-10,0,9,12,0,9,12
Kochi,2020-03-11,0,5,12,0,5,12
Kochi,2020-03-12,0,5,12,0,5,12
Kochi,2020-03-13,0,3,12,0,3,12
Kochi,2020-03-14,0,2,12,0,2,12
Kochi,2020-03-15,0,0,12,0,0,12
Kochi,2020-03-16,0,0,12,0,0,12
Kochi,2020-03-17,0,0,12,0,0,12
Kochi,2020-03-18,0,0,12,0,0,12
Kochi,2020-03-19,0,0,12,0,0,12
Kochi,2020-03-20,0,0,12,0,0,12
Kochi,2020-03-21,0,0,12,0,0,12
Kochi,2020-03-22,0,0,12,0,0,12
Kochi,2020-03-23,0,0,12,0,0,12
Kochi,2020-03-24,0,0,12,0,0,12
Kochi,2020-03-25,0,0,12,0,0,12
Kochi,2020-03-26,0,0,12,0,0,12
Kochi,2020-03-27,1,1,13,1,1,13
Kochi,2020-03-28,0,1,13,0,1,13
Kochi,2020-03-29,1,2,14,1,2,14
Kochi,2020-03-30,1,3,15,1,3,15
Kochi,2020-03-31,2,5,17,2,5,17
Kochi,2020-04-01,3,8,20,3,8,20
Kochi,2020-04-02,1,9,21,1,9,21
Kochi,2020-04-03,2,10,23,2,10,23
Kochi,2020-04-04,3,13,26,3,13,26
Kochi,2020-04-05,7,19,33,7,19,33
Kochi,2020-04-06,3,21,36,3,21,36
Kochi,2020-04-07,2,21,38,2,21,38
Kochi,2020-04-08,1,19,39,1,19,39
Kochi,2020-04-09,10,28,49,10,28,49
Kochi,2020-04-10,5,31,54,5,31,54
Kochi,2020-04-11,0,28,54,0,28,54
Kochi,2020-04-12,6,27,60,6,27,60
Kochi,2020-04-13,0,24,60,0,24,60
Kochi,2020-04-14,0,22,60,0,22,60
Kochi,2020-04-15,3,24,63,3,24,63
Kochi,2020-04-16,0,14,63,0,14,63
Kochi,2020-04-17,1,10,64,1,10,64
Kochi,2020-04-18,1,11,65,1,11,65
Kochi,2020-04-19,4,9,69,4,9,69
Kochi,2020-04-20,2,11,71,2,11,71
Kochi,2020-04-21,0,11,71,0,11,71
Kochi,2020-04-22,1,9,72,1,9,72
Kochi,2020-04-23,2,11,74,2,11,74
Kochi,2020-04-24,0,10,74,0,10,74
Kochi,2020-04-25,1,10,75,1,10,75
Kochi,2020-04-26,1,7,76,1,7,76
Kochi,2020-04-27,0,5,76,0,5,76
Kochi,2020-04-28,0,5,76,0,5,76
Kochi,2020-04-29,1,5,77,1,5,77
Kochi,2020-04-30,0,3,77,0,3,77
Kumamoto,2020-02-21,1,1,1,1,1,1
Kumamoto,2020-02-22,2,3,3,2,3,3
Kumamoto,2020-02-23,0,3,3,0,3,3
Kumamoto,2020-02-24,0,3,3,0,3,3
Kumamoto,2020-02-25,2,5,5,2,5,5
Kumamoto,2020-02-26,0,5,5,0,5,5
Kumamoto,2020-02-27,0,5,5,0,5,5
Kumamoto,2020-02-28,0,4,5,0,4,5
Kumamoto,2020-02-29,0,2,5,0,2,5
Kumamoto,2020-03-01,0,2,5,0,2,5
Kumamoto,2020-03-02,0,2,5,0,2,5
Kumamoto,2020-03-03,0,0,5,0,0,5
Kumamoto,2020-03-04,1,1,6,1,1,6
Kumamoto,2020-03-05,0,1,6,0,1,6
Kumamoto,2020-03-06,0,1,6,0,1,6
Kumamoto,2020-03-07,0,1,6,0,1,6
Kumamoto,2020-03-08,0,1,6,0,1,6
Kumamoto,2020-03-09,0,1,6,0,1,6
Kumamoto,2020-03-10,0,1,6,0,1,6
Kumamoto,2020-03-11,0,0,6,0,0,6
Kumamoto,2020-03-12,0,0,6,0,0,6
Kumamoto,2020-03-13,0,0,6,0,0,6
Kumamoto,2020-03-14,0,0,6,0,0,6
Kumamoto,2020-03-15,0,0,6,0,0,6
Kumamoto,2020-03-16,0,0,6,0,0,6
Kumamoto,2020-03-17,0,0,6,0,0,6
Kumamoto,2020-03-18,0,0,6,0,0,6
Kumamoto,2020-03-19,1,1,7,1,1,7
Kumamoto,2020-03-20,0,1,7,0,1,7
Kumamoto,2020-03-21,0,1,7,0,1,7
Kumamoto,2020-03-22,0,1,7,0,1,7
Kumamoto,2020-03-23,0,1,7,0,1,7
Kumamoto,2020-03-24,0,1,7,0,1,7
Kumamoto,2020-03-25,1,2,8,1,2,8
Kumamoto,2020-03-26,0,1,8,0,1,8
Kumamoto,2020-03-27,2,3,10,2,3,10
Kumamoto,2020-03-28,1,4,11,1,4,11
Kumamoto,2020-03-29,1,5,12,1,5,12
Kumamoto,2020-03-30,1,6,13,1,6,13
Kumamoto,2020-03-31,1,7,14,1,7,14
Kumamoto,2020-04-01,1,7,15,1,7,15
Kumamoto,2020-04-02,2,9,17,2,9,17
Kumamoto,2020-04-03,1,8,18,1,8,18
Kumamoto,2020-04-04,0,7,18,0,7,18
Kumamoto,2020-04-05,1,7,19,1,7,19
Kumamoto,2020-04-06,0,6,19,0,6,19
Kumamoto,2020-04-07,2,7,21,2,7,21
Kumamoto,2020-04-08,1,7,22,1,7,22
Kumamoto,2020-04-09,1,6,23,1,6,23
Kumamoto,2020-04-10,1,6,24,1,6,24
Kumamoto,2020-04-11,1,7,25,1,7,25
Kumamoto,2020-04-12,2,8,27,2,8,27
Kumamoto,2020-04-13,1,9,28,1,9,28
Kumamoto,2020-04-14,3,10,31,3,10,31
Kumamoto,2020-04-15,0,9,31,0,9,31
Kumamoto,2020-04-16,1,9,32,1,9,32
Kumamoto,2020-04-17,3,11,35,3,11,35
Kumamoto,2020-04-18,2,12,37,2,12,37
Kumamoto,2020-04-19,3,13,40,3,13,40
Kumamoto,2020-04-20,1,13,41,1,13,41
Kumamoto,2020-04-21,1,11,42,1,11,42
Kumamoto,2020-04-22,1,12,43,1,12,43
Kumamoto,2020-04-23,1,12,44,1,12,44
Kumamoto,2020-04-24,1,10,45,1,10,45
Kumamoto,2020-04-25,0,8,45,0,8,45
Kumamoto,2020-04-26,2,7,47,2,7,47
Kumamoto,2020-04-27,0,6,47,0,6,47
Kumamoto,2020-04-28,0,5,47,0,5,47
Kumamoto,2020-04-29,0,4,47,0,4,47
Kumamoto,2020-04-30,0,3,47,0,3,47
Kyoto,2020-01-30,1,1,1,1,1,1
Kyoto,2020-01-31,0,1,1,0,1,1
Kyoto,2020-02-01,0,1,1,0,1,1
Kyoto,2020-02-02,0,1,1,0,1,1
Kyoto,2020-02-03,0,1,1,0,1,1
Kyoto,2020-02-04,0,1,1,0,1,1
Kyoto,2020-02-05,1,2,2,1,2,2
Kyoto,2020-02-06,0,1,2,0,1,2
Kyoto,2020-02-07,0,1,2,0,1,2
Kyoto,2020-02-08,0,1,2,0,1,2
Kyoto,2020-02-09,0,1,2,0,1,2
Kyoto,2020-02-10,0,1,2,0,1,2
Kyoto,2020-02-11,0,1,2,0,1,2
Kyoto,2020-02-12,0,0,2,0,0,2
Kyoto,2020-02-13,0,0,2,0,0,2
Kyoto,2020-02-14,0,0,2,0,0,2
Kyoto,2020-02-15,0,0,2,0,0,2
Kyoto,2020-02-16,0,0,2,0,0,2
Kyoto,2020-02-17,0,0,2,0,0,2
Kyoto,2020-02-18,0,0,2,0,0,2
Kyoto,2020-02-19,0,0,2,0,0,2
Kyoto,2020-02-20,0,0,2,0,0,2
Kyoto,2020-02-21,0,0,2,0,0,2
Kyoto,2020-02-22,0,0,2,0,0,2
Kyoto,2020-02-23,0,0,2,0,0,2
Kyoto,2020-02-24,0,0,2,0,0,2
Kyoto,2020-02-25,0,0,2,0,0,2
Kyoto,2020-02-26,0,0,2,0,0,2
Kyoto,2020-02-27,0,0,2,0,0,2
Kyoto,2020-02-28,0,0,2,0,0,2
Kyoto,2020-02-29,0,0,2,0,0,2
Kyoto,2020-03-01,0,0,2,0,0,2
Kyoto,2020-03-02,0,0,2,0,0,2
Kyoto,2020-03-03,1,1,3,1,1,3
Kyoto,2020-03-04,2,3,5,2,3,5
Kyoto,2020-03-05,1,4,6,1,4,6
Kyoto,2020-03-06,1,5,7,1,5,7
Kyoto,2020-03-07,1,6,8,1,6,8
Kyoto,2020-03-08,0,6,8,0,6,8
Kyoto,2020-03-09,4,10,12,4,10,12
Kyoto,2020-03-10,1,10,13,1,10,13
Kyoto,2020-03-11,2,10,15,2,10,15
Kyoto,2020-03-12,2,11,17,2,11,17
Kyoto,2020-03-13,0,10,17,0,10,17
Kyoto,2020-03-14,0,9,17,0,9,17
Kyoto,2020-03-15,0,9,17,0,9,17
Kyoto,2020-03-16,0,5,17,0,5,17
Kyoto,2020-03-17,2,6,19,2,6,19
Kyoto,2020-03-18,2,6,21,2,6,21
Kyoto,2020-03-19,0,4,21,0,4,21
Kyoto,2020-03-20,1,5,22,1,5,22
Kyoto,2020-03-21,1,6,23,1,6,23
Kyoto,2020-03-22,1,7,24,1,7,24
Kyoto,2020-03-23,1,8,25,1,8,25
Kyoto,2020-03-24,2,8,27,2,8,27
Kyoto,2020-03-25,4,10,31,4,10,31
Kyoto,2020-03-26,3,13,34,3,13,34
Kyoto,2020-03-27,1,13,35,1,13,35
Kyoto,2020-03-28,5,17,40,5,17,40
Kyoto,2020-03-29,7,23,47,7,23,47
Kyoto,2020-03-30,9,31,56,9,31,56
Kyoto,2020-03-31,13,42,69,13,42,69
Kyoto,2020-04-01,7,45,76,7,45,76
Kyoto,2020-04-02,12,54,88,12,54,88
Kyoto,2020-04-03,25,78,113,25,78,113
Kyoto,2020-04-04,3,76,116,3,76,116
Kyoto,2020-04-05,9,78,125,9,78,125
Kyoto,2020-04-06,8,77,133,8,77,133
Kyoto,2020-04-07,12,76,145,12,76,145
Kyoto,2020-04-08,10,79,155,10,79,155
Kyoto,2020-04-09,11,78,166,11,78,166
Kyoto,2020-04-10,9,62,175,9,62,175
Kyoto,2020-04-11,9,68,184,9,68,184
Kyoto,2020-04-12,12,71,196,12,71,196
Kyoto,2020-04-13,12,75,208,12,75,208
Kyoto,2020-04-14,5,68,213,5,68,213
Kyoto,2020-04-15,5,63,218,5,63,218
Kyoto,2020-04-16,10,62,228,10,62,228
Kyoto,2020-04-17,10,63,238,10,63,238
Kyoto,2020-04-18,7,61,245,7,61,245
Kyoto,2020-04-19,9,58,254,9,58,254
Kyoto,2020-04-20,8,54,262,8,54,262
Kyoto,2020-04-21,5,54,267,5,54,267
Kyoto,2020-04-22,13,62,280,13,62,280
Kyoto,2020-04-23,7,59,287,7,59,287
Kyoto,2020-04-24,4,53,291,4,53,291
Kyoto,2020-04-25,4,50,295,4,50,295
Kyoto,2020-04-26,4,45,299,4,45,299
Kyoto,2020-04-27,16,53,315,16,53,315
Kyoto,2020-04-28,4,52,319,4,52,319
Kyoto,2020-04-29,4,43,323,4,43,323
Kyoto,2020-04-30,0,36,323,0,36,323
Mie,2020-01-30,1,1,1,1,1,1
Mie,2020-01-31,0,1,1,0,1,1
Mie,2020-02-01,0,1,1,0,1,1
Mie,2020-02-02,0,1,1,0,1,1
Mie,2020-02-03,0,1,1,0,1,1
Mie,2020-02-04,0,1,1,0,1,1
Mie,2020-02-05,0,1,1,0,1,1
Mie,2020-02-06,0,0,1,0,0,1
Mie,2020-02-07,0,0,1,0,0,1
Mie,2020-02-08,0,0,1,0,0,1
Mie,2020-02-09,0,0,1,0,0,1
Mie,2020-02-10,0,0,1,0,0,1
Mie,2020-02-11,0,0,1,0,0,1
Mie,2020-02-12,0,0,1,0,0,1
Mie,2020-02-13,0,0,1,0,0,1
Mie,2020-02-14,0,0,1,0,0,1
Mie,2020-02-15,0,0,1,0,0,1
Mie,2020-02-16,0,0,1,0,0,1
Mie,2020-02-17,0,0,1,0,0,1
Mie,2020-02-18,0,0,1,0,0,1
Mie,2020-02-19,0,0,1,0,0,1
Mie,2020-02-20,0,0,1,0,0,1
Mie,2020-02-21,0,0,1,0,0,1
Mie,2020-02-22,0,0,1,0,0,1
Mie,2020-02-23,0,0,1,0,0,1
Mie,2020-02-24,0,0,1,0,0,1
Mie,2020-02-25,0,0,1,0,0,1
Mie,2020-02-26,0,0,1,0,0,1
Mie,2020-02-27,0,0,1,0,0,1
Mie,2020-02-28,0,0,1,0,0,1
Mie,2020-02-29,0,0,1,0,0,1
Mie,2020-03-01,0,0,1,0,0,1
Mie,2020-03-02,0,0,1,0,0,1
Mie,2020-03-03,0,0,1,0,0,1
Mie,2020-03-04,0,0,1,0,0,1
Mie,2020-03-05,0,0,1,0,0,1
Mie,2020-03-06,0,0,1,0,0,1
Mie,2020-03-07,0,0,1,0,0,1
Mie,2020-03-08,0,0,1,0,0,1
Mie,2020-03-09,0,0,1,0,0,1
Mie,2020-03-10,0,0,1,0,0,1
Mie,2020-03-11,6,6,7,6,6,7
Mie,2020-03-12,0,6,7,0,6,7
Mie,2020-03-13,0,6,7,0,6,7
Mie,2020-03-14,0,6,7,0,6,7
Mie,2020-03-15,1,7,8,1,7,8
Mie,2020-03-16,0,7,8,0,7,8
Mie,2020-03-17,0,7,8,0,7,8
Mie,2020-03-18,1,2,9,1,2,9
Mie,2020-03-19,0,2,9,0,2,9
Mie,2020-03-20,0,2,9,0,2,9
Mie,2020-03-21,0,2,9,0,2,9
Mie,2020-03-22,0,1,9,0,1,9
Mie,2020-03-23,0,1,9,0,1,9
Mie,2020-03-24,0,1,9,0,1,9
Mie,2020-03-25,0,0,9,0,0,9
Mie,2020-03-26,0,0,9,0,0,9
Mie,2020-03-27,0,0,9,0,0,9
Mie,2020-03-28,0,0,9,0,0,9
Mie,2020-03-29,0,0,9,0,0,9
Mie,2020-03-30,2,2,11,2,2,11
Mie,2020-03-31,0,2,11,0,2,11
Mie,2020-04-01,1,3,12,1,3,12
Mie,2020-04-02,1,4,13,1,4,13
Mie,2020-04-03,0,4,13,0,4,13
Mie,2020-04-04,0,4,13,0,4,13
Mie,2020-04-05,0,4,13,0,4,13
Mie,2020-04-06,0,2,13,0,2,13
Mie,2020-04-07,0,2,13,0,2,13
Mie,2020-04-08,0,1,13,0,1,13
Mie,2020-04-09,2,2,15,2,2,15
Mie,2020-04-10,0,2,15,0,2,15
Mie,2020-04-11,2,4,17,2,4,17
Mie,2020-04-12,0,4,17,0,4,17
Mie,2020-04-13,0,4,17,0,4,17
Mie,2020-04-14,2,6,19,2,6,19
Mie,2020-04-15,2,8,21,2,8,21
Mie,2020-04-16,4,10,25,4,10,25
Mie,2020-04-17,7,17,32,7,17,32
Mie,2020-04-18,3,18,35,3,18,35
Mie,2020-04-19,1,19,36,1,19,36
Mie,2020-04-20,3,22,39,3,22,39
Mie,2020-04-21,2,22,41,2,22,41
Mie,2020-04-22,2,22,43,2,22,43
Mie,2020-04-23,0,18,43,0,18,43
Mie,2020-04-24,2,13,45,2,13,45
Mie,2020-04-25,0,10,45,0,10,45
Mie,2020-04-26,0,9,45,0,9,45
Mie,2020-04-27,0,6,45,0,6,45
Mie,2020-04-28,0,4,45,0,4,45
Mie,2020-04-29,0,2,45,0,2,45
Mie,2020-04-30,0,2,45,0,2,45
Miyagi,2020-02-29,1,1,1,1,1,1
Miyagi,2020-03-01,0,1,1,0,1,1
Miyagi,2020-03-02,0,1,1,0,1,1
Miyagi,2020-03-03,0,1,1,0,1,1
Miyagi,2020-03-04,0,1,1,0,1,1
Miyagi,2020-03-05,0,1,1,0,1,1
Miyagi,2020-03-06,0,1,1,0,1,1
Miyagi,2020-03-07,0,0,1,0,0,1
Miyagi,2020-03-08,0,0,1,0,0,1
Miyagi,2020-03-09,0,0,1,0,0,1
Miyagi,2020-03-10,0,0,1,0,0,1
Miyagi,2020-03-11,0,0,1,0,0,1
Miyagi,2020-03-12,0,0,1,0,0,1
Miyagi,2020-03-13,0,0,1,0,0,1
Miyagi,2020-03-14,0,0,1,0,0,1
Miyagi,2020-03-15,0,0,1,0,0,1
Miyagi,2020-03-16,0,0,1,0,0,1
Miyagi,2020-03-17,0,0,1,0,0,1
Miyagi,2020-03-18,0,0,1,0,0,1
Miyagi,2020-03-19,0,0,1,0,0,1
Miyagi,2020-03-20,0,0,1,0,0,1
Miyagi,2020-03-21,0,0,1,0,0,1
Miyagi,2020-03-22,0,0,1,0,0,1
Miyagi,2020-03-23,0,0,1,0,0,1
Miyagi,2020-03-24,0,0,1,0,0,1
Miyagi,2020-03-25,0,0,1,0,0,1
Miyagi,2020-03-26,1,1,2,1,1,2
Miyagi,2020-03-27,0,1,2,0,1,2
Miyagi,2020-03-28,0,1,2,0,1,2
Miyagi,2020-03-29,2,3,4,2,3,4
Miyagi,2020-03-30,2,5,6,2,5,6
Miyagi,2020-03-31,1,6,7,1,6,7
Miyagi,2020-04-01,4,10,11,4,10,11
Miyagi,2020-04-02,1,10,12,1,10,12
Miyagi,2020-04-03,6,16,18,6,16,18
Miyagi,2020-04-04,2,18,20,2,18,20
Miyagi,2020-04-05,3,19,23,3,19,23
Miyagi,2020-04-06,3,20,26,3,20,26
Miyagi,2020-04-07,6,25,32,6,25,32
Miyagi,2020-04-08,2,23,34,2,23,34
Miyagi,2020-04-09,2,24,36,2,24,36
Miyagi,2020-04-10,2,20,38,2,20,38
Miyagi,2020-04-11,7,25,45,7,25,45
Miyagi,2020-04-12,6,28,51,6,28,51
Miyagi,2020-04-13,3,28,54,3,28,54
Miyagi,2020-04-14,10,32,64,10,32,64
Miyagi,2020-04-15,1,31,65,1,31,65
Miyagi,2020-04-16,13,42,78,13,42,78
Miyagi,2020-04-17,1,41,79,1,41,79
Miyagi,2020-04-18,4,38,83,4,38,83
Miyagi,2020-04-19,0,32,83,0,32,83
Miyagi,2020-04-20,1,30,84,1,30,84
Miyagi,2020-04-21,0,20,84,0,20,84
Miyagi,2020-04-22,0,19,84,0,19,84
Miyagi,2020-04-23,0,6,84,0,6,84
Miyagi,2020-04-24,0,5,84,0,5,84
Miyagi,2020-04-25,1,2,85,1,2,85
Miyagi,2020-04-26,0,2,85,0,2,85
Miyagi,2020-04-27,1,2,86,1,2,86
Miyagi,2020-04-28,2,4,88,2,4,88
Miyagi,2020-04-29,0,4,88,0,4,88
Miyagi,2020-04-30,0,4,88,0,4,88
Miyazaki,2020-03-04,1,1,1,1,1,1
Miyazaki,2020-03-05,0,1,1,0,1,1
Miyazaki,2020-03-06,0,1,1,0,1,1
Miyazaki,2020-03-07,0,1,1,0,1,1
Miyazaki,2020-03-08,0,1,1,0,1,1
Miyazaki,2020-03-09,0,1,1,0,1,1
Miyazaki,2020-03-10,0,1,1,0,1,1
Miyazaki,2020-03-11,0,0,1,0,0,1
Miyazaki,2020-03-12,0,0,1,0,0,1
Miyazaki,2020-03-13,0,0,1,0,0,1
Miyazaki,2020-03-14,0,0,1,0,0,1
Miyazaki,2020-03-15,0,0,1,0,0,1
Miyazaki,2020-03-16,0,0,1,0,0,1
Miyazaki,2020-03-17,2,2,3,2,2,3
Miyazaki,2020-03-18,0,2,3,0,2,3
Miyazaki,2020-03-19,0,2,3,0,2,3
Miyazaki,2020-03-20,0,2,3,0,2,3
Miyazaki,2020-03-21,0,2,3,0,2,3
Miyazaki,2020-03-22,0,2,3,0,2,3
Miyazaki,2020-03-23,0,2,3,0,2,3
Miyazaki,2020-03-24,0,0,3,0,0,3
Miyazaki,2020-03-25,0,0,3,0,0,3
Miyazaki,2020-03-26,0,0,3,0,0,3
Miyazaki,2020-03-27,0,0,3,0,0,3
Miyazaki,2020-03-28,0,0,3,0,0,3
Miyazaki,2020-03-29,0,0,3,0,0,3
Miyazaki,2020-03-30,0,0,3,0,0,3
Miyazaki,2020-03-31,0,0,3,0,0,3
Miyazaki,2020-04-01,0,0,3,0,0,3
Miyazaki,2020-04-02,0,0,3,0,0,3
Miyazaki,2020-04-03,4,4,7,4,4,7
Miyazaki,2020-04-04,1,5,8,1,5,8
Miyazaki,2020-04-05,2,7,10,2,7,10
Miyazaki,2020-04-06,1,8,11,1,8,11
Miyazaki,2020-04-07,1,9,12,1,9,12
Miyazaki,2020-04-08,4,13,16,4,13,16
Miyazaki,2020-04-09,0,13,16,0,13,16
Miyazaki,2020-04-10,0,9,16,0,9,16
Miyazaki,2020-04-11,1,9,17,1,9,17
Miyazaki,2020-04-12,0,7,17,0,7,17
Miyazaki,2020-04-13,0,6,17,0,6,17
Miyazaki,2020-04-14,0,5,17,0,5,17
Miyazaki,2020-04-15,0,1,17,0,1,17
Miyazaki,2020-04-16,0,1,17,0,1,17
Miyazaki,2020-04-17,0,1,17,0,1,17
Miyazaki,2020-04-18,0,0,17,0,0,17
Miyazaki,2020-04-19,0,0,17,0,0,17
Miyazaki,2020-04-20,0,0,17,0,0,17
Miyazaki,2020-04-21,0,0,17,0,0,17
Miyazaki,2020-04-22,0,0,17,0,0,17
Miyazaki,2020-04-23,0,0,17,0,0,17
Miyazaki,2020-04-24,0,0,17,0,0,17
Miyazaki,2020-04-25,0,0,17,0,0,17
Miyazaki,2020-04-26,0,0,17,0,0,17
Miyazaki,2020-04-27,0,0,17,0,0,17
Miyazaki,2020-04-28,0,0,17,0,0,17
Miyazaki,2020-04-29,0,0,17,0,0,17
Miyazaki,2020-04-30,0,0,17,0,0,17
Nagano,2020-02-25,1,1,1,1,1,1
Nagano,2020-02-26,1,2,2,1,2,2
Nagano,2020-02-27,0,2,2,0,2,2
Nagano,2020-02-28,0,2,2,0,2,2
Nagano,2020-02-29,0,2,2,0,2,2
Nagano,2020-03-01,0,2,2,0,2,2
Nagano,2020-03-02,0,2,2,0,2,2
Nagano,2020-03-03,0,1,2,0,1,2
Nagano,2020-03-04,0,0,2,0,0,2
Nagano,2020-03-05,0,0,2,0,0,2
Nagano,2020-03-06,1,1,3,1,1,3
Nagano,2020-03-07,0,1,3,0,1,3
Nagano,2020-03-08,0,1,3,0,1,3
Nagano,2020-03-09,0,1,3,0,1,3
Nagano,2020-03-10,0,1,3,0,1,3
Nagano,2020-03-11,0,1,3,0,1,3
Nagano,2020-03-12,0,1,3,0,1,3
Nagano,2020-03-13,0,0,3,0,0,3
Nagano,2020-03-14,1,1,4,1,1,4
Nagano,2020-03-15,0,1,4,0,1,4
Nagano,2020-03-16,0,1,4,0,1,4
Nagano,2020-03-17,0,1,4,0,1,4
Nagano,2020-03-18,0,1,4,0,1,4
Nagano,2020-03-19,0,1,4,0,1,4
Nagano,2020-03-20,0,1,4,0,1,4
Nagano,2020-03-21,0,0,4,0,0,4
Nagano,2020-03-22,0,0,4,0,0,4
Nagano,2020-03-23,0,0,4,0,0,4
Nagano,2020-03-24,1,1,5,1,1,5
Nagano,2020-03-25,0,1,5,0,1,5
Nagano,2020-03-26,0,1,5,0,1,5
Nagano,2020-03-27,1,2,6,1,2,6
Nagano,2020-03-28,0,2,6,0,2,6
Nagano,2020-03-29,2,4,8,2,4,8
Nagano,2020-03-30,0,4,8,0,4,8
Nagano,2020-03-31,0,3,8,0,3,8
Nagano,2020-04-01,1,4,9,1,4,9
Nagano,2020-04-02,0,4,9,0,4,9
Nagano,2020-04-03,2,5,11,2,5,11
Nagano,2020-04-04,1,6,12,1,6,12
Nagano,2020-04-05,1,5,13,1,5,13
Nagano,2020-04-06,3,8,16,3,8,16
Nagano,2020-04-07,0,8,16,0,8,16
Nagano,2020-04-08,5,12,21,5,12,21
Nagano,2020-04-09,2,14,23,2,14,23
Nagano,2020-04-10,5,17,28,5,17,28
Nagano,2020-04-11,0,16,28,0,16,28
Nagano,2020-04-12,1,16,29,1,16,29
Nagano,2020-04-13,7,20,36,7,20,36
Nagano,2020-04-14,1,21,37,1,21,37
Nagano,2020-04-15,2,18,39,2,18,39
Nagano,2020-04-16,6,22,45,6,22,45
Nagano,2020-04-17,2,19,47,2,19,47
Nagano,2020-04-18,0,19,47,0,19,47
Nagano,2020-04-19,5,23,52,5,23,52
Nagano,2020-04-20,0,16,52,0,16,52
Nagano,2020-04-21,2,17,54,2,17,54
Nagano,2020-04-22,5,20,59,5,20,59
Nagano,2020-04-23,3,17,62,3,17,62
Nagano,2020-04-24,0,15,62,0,15,62
Nagano,2020-04-25,4,19,66,4,19,66
Nagano,2020-04-26,0,14,66,0,14,66
Nagano,2020-04-27,0,14,66,0,14,66
Nagano,2020-04-28,0,12,66,0,12,66
Nagano,2020-04-29,0,7,66,0,7,66
Nagano,2020-04-30,0,4,66,0,4,66
Nagasaki,2020-03-14,1,1,1,1,1,1
Nagasaki,2020-03-15,0,1,1,0,1,1
Nagasaki,2020-03-16,0,1,1,0,1,1
Nagasaki,2020-03-17,0,1,1,0,1,1
Nagasaki,2020-03-18,0,1,1,0,1,1
Nagasaki,2020-03-19,0,1,1,0,1,1
Nagasaki,2020-03-20,0,1,1,0,1,1
Nagasaki,2020-03-21,0,0,1,0,0,1
Nagasaki,2020-03-22,0,0,1,0,0,1
Nagasaki,2020-03-23,0,0,1,0,0,1
Nagasaki,2020-03-24,0,0,1,0,0,1
Nagasaki,2020-03-25,1,1,2,1,1,2
Nagasaki,2020-03-26,0,1,2,0,1,2
Nagasaki,2020-03-27,0,1,2,0,1,2
Nagasaki,2020-03-28,0,1,2,0,1,2
Nagasaki,2020-03-29,0,1,2,0,1,2
Nagasaki,2020-03-30,0,1,2,0,1,2
Nagasaki,2020-03-31,0,1,2,0,1,2
Nagasaki,2020-04-01,3,3,5,3,3,5
Nagasaki,2020-04-02,3,6,8,3,6,8
Nagasaki,2020-04-03,1,7,9,1,7,9
Nagasaki,2020-04-04,2,9,11,2,9,11
Nagasaki,2020-04-05,1,10,12,1,10,12
Nagasaki,2020-04-06,0,10,12,0,10,12
Nagasaki,2020-04-07,0,10,12,0,10,12
Nagasaki,2020-04-08,1,8,13,1,8,13
Nagasaki,2020-04-09,0,5,13,0,5,13
Nagasaki,2020-04-10,1,5,14,1,5,14
Nagasaki,2020-04-11,0,3,14,0,3,14
Nagasaki,2020-04-12,0,2,14,0,2,14
Nagasaki,2020-04-13,0,2,14,0,2,14
Nagasaki,2020-04-14,0,2,14,0,2,14
Nagasaki,2020-04-15,1,2,15,1,2,15
Nagasaki,2020-04-16,1,3,16,1,3,16
Nagasaki,2020-04-17,1,3,17,1,3,17
Nagasaki,2020-04-18,0,3,17,0,3,17
Nagasaki,2020-04-19,0,3,17,0,3,17
Nagasaki,2020-04-20,0,3,17,0,3,17
Nagasaki,2020-04-21,0,3,17,0,3,17
Nagasaki,2020-04-22,0,2,17,0,2,17
Nagasaki,2020-04-23,1,2,18,1,2,18
Nagasaki,2020-04-24,0,1,18,0,1,18
Nagasaki,2020-04-25,0,1,18,0,1,18
Nagasaki,2020-04-26,0,1,18,0,1,18
Nagasaki,2020-04-27,0,1,18,0,1,18
Nagasaki,2020-04-28,0,1,18,0,1,18
Nagasaki,2020-04-29,0,1,18,0,1,18
Nagasaki,2020-04-30,0,0,18,0,0,18
Nara,2020-01-28,1,1,1,1,1,1
Nara,2020-01-29,0,1,1,0,1,1
Nara,2020-01-30,0,1,1,0,1,1
Nara,2020-01-31,0,1,1,0,1,1
Nara,2020-02-01,0,1,1,0,1,1
Nara,2020-02-02,0,1,1,0,1,1
Nara,2020-02-03,0,1,1,0,1,1
Nara,2020-02-04,0,0,1,0,0,1
Nara,2020-02-05,0,0,1,0,0,1
Nara,2020-02-06,0,0,1,0,0,1
Nara,2020-02-07,0,0,1,0,0,1
Nara,2020-02-08,0,0,1,0,0,1
Nara,2020-02-09,0,0,1,0,0,1
Nara,2020-02-10,0,0,1,0,0,1
Nara,2020-02-11,0,0,1,0,0,1
Nara,2020-02-12,0,0,1,0,0,1
Nara,2020-02-13,0,0,1,0,0,1
Nara,2020-02-14,0,0,1,0,0,1
Nara,2020-02-15,0,0,1,0,0,1
Nara,2020-02-16,0,0,1,0,0,1
Nara,2020-02-17,0,0,1,0,0,1
Nara,2020-02-18,0,0,1,0,0,1
Nara,2020-02-19,0,0,1,0,0,1
Nara,2020-02-20,0,0,1,0,0,1
Nara,2020-02-21,0,0,1,0,0,1
Nara,2020-02-22,0,0,1,0,0,1
Nara,2020-02-23,0,0,1,0,0,1
Nara,2020-02-24,0,0,1,0,0,1
Nara,2020-02-25,0,0,1,0,0,1
Nara,2020-02-26,0,0,1,0,0,1
Nara,2020-02-27,0,0,1,0,0,1
Nara,2020-02-28,0,0,1,0,0,1
Nara,2020-02-29,0,0,1,0,0,1
Nara,2020-03-01,0,0,1,0,0,1
Nara,2020-03-02,0,0,1,0,0,1
Nara,2020-03-03,0,0,1,0,0,1
Nara,2020-03-04,0,0,1,0,0,1
Nara,2020-03-05,0,0,1,0,0,1
Nara,2020-03-06,3,3,4,3,3,4
Nara,2020-03-07,0,3,4,0,3,4
Nara,2020-03-08,0,3,4,0,3,4
Nara,2020-03-09,3,6,7,3,6,7
Nara,2020-03-10,0,6,7,0,6,7
Nara,2020-03-11,1,7,8,1,7,8
Nara,2020-03-12,0,7,8,0,7,8
Nara,2020-03-13,0,4,8,0,4,8
Nara,2020-03-14,0,4,8,0,4,8
Nara,2020-03-15,0,4,8,0,4,8
Nara,2020-03-16,0,1,8,0,1,8
Nara,2020-03-17,0,1,8,0,1,8
Nara,2020-03-18,0,0,8,0,0,8
Nara,2020-03-19,0,0,8,0,0,8
Nara,2020-03-20,0,0,8,0,0,8
Nara,2020-03-21,0,0,8,0,0,8
Nara,2020-03-22,1,1,9,1,1,9
Nara,2020-03-23,0,1,9,0,1,9
Nara,2020-03-24,0,1,9,0,1,9
Nara,2020-03-25,0,1,9,0,1,9
Nara,2020-03-26,0,1,9,0,1,9
Nara,2020-03-27,0,1,9,0,1,9
Nara,2020-03-28,2,3,11,2,3,11
Nara,2020-03-29,0,2,11,0,2,11
Nara,2020-03-30,0,2,11,0,2,11
Nara,2020-03-31,0,2,11,0,2,11
Nara,2020-04-01,4,6,15,4,6,15
Nara,2020-04-02,4,10,19,4,10,19
Nara,2020-04-03,2,12,21,2,12,21
Nara,2020-04-04,3,13,24,3,13,24
Nara,2020-04-05,1,14,25,1,14,25
Nara,2020-04-06,1,15,26,1,15,26
Nara,2020-04-07,2,17,28,2,17,28
Nara,2020-04-08,2,15,30,2,15,30
Nara,2020-04-09,7,18,37,7,18,37
Nara,2020-04-10,0,16,37,0,16,37
Nara,2020-04-11,2,15,39,2,15,39
Nara,2020-04-12,2,16,41,2,16,41
Nara,2020-04-13,3,18,44,3,18,44
Nara,2020-04-14,3,19,47,3,19,47
Nara,2020-04-15,7,24,54,7,24,54
Nara,2020-04-16,1,18,55,1,18,55
Nara,2020-04-17,2,20,57,2,20,57
Nara,2020-04-18,4,22,61,4,22,61
Nara,2020-04-19,2,22,63,2,22,63
Nara,2020-04-20,2,21,65,2,21,65
Nara,2020-04-21,9,27,74,9,27,74
Nara,2020-04-22,2,22,76,2,22,76
Nara,2020-04-23,1,22,77,1,22,77
Nara,2020-04-24,1,21,78,1,21,78
Nara,2020-04-25,0,17,78,0,17,78
Nara,2020-04-26,0,15,78,0,15,78
Nara,2020-04-27,2,15,80,2,15,80
Nara,2020-04-28,2,8,82,2,8,82
Nara,2020-04-29,2,8,84,2,8,84
Nara,2020-04-30,0,7,84,0,7,84
Niigata,2020-02-29,1,1,1,1,1,1
Niigata,2020-03-01,0,1,1,0,1,1
Niigata,2020-03-02,4,5,5,4,5,5
Niigata,2020-03-03,0,5,5,0,5,5
Niigata,2020-03-04,0,5,5,0,5,5
Niigata,2020-03-05,1,6,6,1,6,6
Niigata,2020-03-06,0,6,6,0,6,6
Niigata,2020-03-07,0,5,6,0,5,6
Niigata,2020-03-08,0,5,6,0,5,6
Niigata,2020-03-09,2,3,8,2,3,8
Niigata,2020-03-10,3,6,11,3,6,11
Niigata,2020-03-11,0,6,11,0,6,11
Niigata,2020-03-12,3,8,14,3,8,14
Niigata,2020-03-13,0,8,14,0,8,14
Niigata,2020-03-14,2,10,16,2,10,16
Niigata,2020-03-15,0,10,16,0,10,16
Niigata,2020-03-16,3,11,19,3,11,19
Niigata,2020-03-17,2,10,21,2,10,21
Niigata,2020-03-18,1,11,22,1,11,22
Niigata,2020-03-19,2,10,24,2,10,24
Niigata,2020-03-20,1,11,25,1,11,25
Niigata,2020-03-21,2,11,27,2,11,27
Niigata,2020-03-22,0,11,27,0,11,27
Niigata,2020-03-23,0,8,27,0,8,27
Niigata,2020-03-24,1,7,28,1,7,28
Niigata,2020-03-25,1,7,29,1,7,29
Niigata,2020-03-26,0,5,29,0,5,29
Niigata,2020-03-27,1,5,30,1,5,30
Niigata,2020-03-28,1,4,31,1,4,31
Niigata,2020-03-29,0,4,31,0,4,31
Niigata,2020-03-30,0,4,31,0,4,31
Niigata,2020-03-31,0,3,31,0,3,31
Niigata,2020-04-01,1,3,32,1,3,32
Niigata,2020-04-02,0,3,32,0,3,32
Niigata,2020-04-03,3,5,35,3,5,35
Niigata,2020-04-04,0,4,35,0,4,35
Niigata,2020-04-05,0,4,35,0,4,35
Niigata,2020-04-06,0,4,35,0,4,35
Niigata,2020-04-07,2,6,37,2,6,37
Niigata,2020-04-08,2,7,39,2,7,39
Niigata,2020-04-09,2,9,41,2,9,41
Niigata,2020-04-10,0,6,41,0,6,41
Niigata,2020-04-11,1,7,42,1,7,42
Niigata,2020-04-12,0,7,42,0,7,42
Niigata,2020-04-13,0,7,42,0,7,42
Niigata,2020-04-14,3,8,45,3,8,45
Niigata,2020-04-15,1,7,46,1,7,46
Niigata,2020-04-16,1,6,47,1,6,47
Niigata,2020-04-17,6,12,53,6,12,53
Niigata,2020-04-18,3,14,56,3,14,56
Niigata,2020-04-19,0,14,56,0,14,56
Niigata,2020-04-20,0,14,56,0,14,56
Niigata,2020-04-21,2,13,58,2,13,58
Niigata,2020-04-22,3,15,61,3,15,61
Niigata,2020-04-23,1,15,62,1,15,62
Niigata,2020-04-24,3,12,65,3,12,65
Niigata,2020-04-25,1,10,66,1,10,66
Niigata,2020-04-26,4,14,70,4,14,70
Niigata,2020-04-27,0,14,70,0,14,70
Niigata,2020-04-28,5,17,75,5,17,75
Niigata,2020-04-29,0,14,75,0,14,75
Niigata,2020-04-30,0,13,75,0,13,75
Oita,2020-03-03,1,1,1,1,1,1
Oita,2020-03-04,0,1,1,0,1,1
Oita,2020-03-05,0,1,1,0,1,1
Oita,2020-03-06,0,1,1,0,1,1
Oita,2020-03-07,0,1,1,0,1,1
Oita,2020-03-08,0,1,1,0,1,1
Oita,2020-03-09,0,1,1,0,1,1
Oita,2020-03-10,0,0,1,0,0,1
Oita,2020-03-11,0,0,1,0,0,1
Oita,2020-03-12,0,0,1,0,0,1
Oita,2020-03-13,0,0,1,0,0,1
Oita,2020-03-14,0,0,1,0,0,1
Oita,2020-03-15,0,0,1,0,0,1
Oita,2020-03-16,0,0,1,0,0,1
Oita,2020-03-17,0,0,1,0,0,1
Oita,2020-03-18,0,0,1,0,0,1
Oita,2020-03-19,2,2,3,2,2,3
Oita,2020-03-20,5,7,8,5,7,8
Oita,2020-03-21,5,12,13,5,12,13
Oita,2020-03-22,8,20,21,8,20,21
Oita,2020-03-23,1,21,22,1,21,22
Oita,2020-03-24,1,22,23,1,22,23
Oita,2020-03-25,2,24,25,2,24,25
Oita,2020-03-26,0,22,25,0,22,25
Oita,2020-03-27,2,19,27,2,19,27
Oita,2020-03-28,0,14,27,0,14,27
Oita,2020-03-29,1,7,28,1,7,28
Oita,2020-03-30,0,6,28,0,6,28
Oita,2020-03-31,1,6,29,1,6,29
Oita,2020-04-01,0,4,29,0,4,29
Oita,2020-04-02,1,5,30,1,5,30
Oita,2020-04-03,1,4,31,1,4,31
Oita,2020-04-04,1,5,32,1,5,32
Oita,2020-04-05,0,4,32,0,4,32
Oita,2020-04-06,1,5,33,1,5,33
Oita,2020-04-07,2,6,35,2,6,35
Oita,2020-04-08,6,12,41,6,12,41
Oita,2020-04-09,0,11,41,0,11,41
Oita,2020-04-10,1,11,42,1,11,42
Oita,2020-04-11,0,10,42,0,10,42
Oita,2020-04-12,0,10,42,0,10,42
Oita,2020-04-13,1,10,43,1,10,43
Oita,2020-04-14,2,10,45,2,10,45
Oita,2020-04-15,5,9,50,5,9,50
Oita,2020-04-16,5,14,55,5,14,55
Oita,2020-04-17,0,13,55,0,13,55
Oita,2020-04-18,0,13,55,0,13,55
Oita,2020-04-19,0,13,55,0,13,55
Oita,2020-04-20,1,13,56,1,13,56
Oita,2020-04-21,5,16,61,5,16,61
Oita,2020-04-22,0,11,61,0,11,61
Oita,2020-04-23,0,6,61,0,6,61
Oita,2020-04-24,0,6,61,0,6,61
Oita,2020-04-25,0,6,61,0,6,61
Oita,2020-04-26,0,6,61,0,6,61
Oita,2020-04-27,0,5,61,0,5,61
Oita,2020-04-28,0,0,61,0,0,61
Oita,2020-04-29,0,0,61,0,0,61
Oita,2020-04-30,0,0,61,0,0,61
Okayama,2020-03-22,1,1,1,1,1,1
Okayama,2020-03-23,0,1,1,0,1,1
Okayama,2020-03-24,0,1,1,0,1,1
Okayama,2020-03-25,0,1,1,0,1,1
Okayama,2020-03-26,0,1,1,0,1,1
Okayama,2020-03-27,1,2,2,1,2,2
Okayama,2020-03-28,1,3,3,1,3,3
Okayama,2020-03-29,0,2,3,0,2,3
Okayama,2020-03-30,0,2,3,0,2,3
Okayama,2020-03-31,1,3,4,1,3,4
Okayama,2020-04-01,1,4,5,1,4,5
Okayama,2020-04-02,2,6,7,2,6,7
Okayama,2020-04-03,2,7,9,2,7,9
Okayama,2020-04-04,1,7,10,1,7,10
Okayama,2020-04-05,1,8,11,1,8,11
Okayama,2020-04-06,0,8,11,0,8,11
Okayama,2020-04-07,1,8,12,1,8,12
Okayama,2020-04-08,2,9,14,2,9,14
Okayama,2020-04-09,1,8,15,1,8,15
Okayama,2020-04-10,0,6,15,0,6,15
Okayama,2020-04-11,0,5,15,0,5,15
Okayama,2020-04-12,0,4,15,0,4,15
Okayama,2020-04-13,0,4,15,0,4,15
Okayama,2020-04-14,1,4,16,1,4,16
Okayama,2020-04-15,0,2,16,0,2,16
Okayama,2020-04-16,1,2,17,1,2,17
Okayama,2020-04-17,1,3,18,1,3,18
Okayama,2020-04-18,0,3,18,0,3,18
Okayama,2020-04-19,1,4,19,1,4,19
Okayama,2020-04-20,0,4,19,0,4,19
Okayama,2020-04-21,0,3,19,0,3,19
Okayama,2020-04-22,0,3,19,0,3,19
Okayama,2020-04-23,0,2,19,0,2,19
Okayama,2020-04-24,2,3,21,2,3,21
Okayama,2020-04-25,0,3,21,0,3,21
Okayama,2020-04-26,1,3,22,1,3,22
Okayama,2020-04-27,0,3,22,0,3,22
Okayama,2020-04-28,0,3,22,0,3,22
Okayama,2020-04-29,1,4,23,1,4,23
Okayama,2020-04-30,0,4,23,0,4,23
Osaka,2020-01-29,1,1,1,1,1,1
Osaka,2020-01-30,0,1,1,0,1,1
Osaka,2020-01-31,0,1,1,0,1,1
Osaka,2020-02-01,0,1,1,0,1,1
Osaka,2020-02-02,0,1,1,0,1,1
Osaka,2020-02-03,0,1,1,0,1,1
Osaka,2020-02-04,0,1,1,0,1,1
Osaka,2020-02-05,0,0,1,0,0,1
Osaka,2020-02-06,0,0,1,0,0,1
Osaka,2020-02-07,0,0,1,0,0,1
Osaka,2020-02-08,0,0,1,0,0,1
Osaka,2020-02-09,0,0,1,0,0,1
Osaka,2020-02-10,0,0,1,0,0,1
Osaka,2020-02-11,0,0,1,0,0,1
Osaka,2020-02-12,0,0,1,0,0,1
Osaka,2020-02-13,0,0,1,0,0,1
Osaka,2020-02-14,0,0,1,0,0,1
Osaka,2020-02-15,0,0,1,0,0,1
Osaka,2020-02-16,0,0,1,0,0,1
Osaka,2020-02-17,0,0,1,0,0,1
Osaka,2020-02-18,0,0,1,0,0,1
Osaka,2020-02-19,0,0,1,0,0,1
Osaka,2020-02-20,0,0,1,0,0,1
Osaka,2020-02-21,0,0,1,0,0,1
Osaka,2020-02-22,0,0,1,0,0,1
Osaka,2020-02-23,0,0,1,0,0,1
Osaka,2020-02-24,0,0,1,0,0,1
Osaka,2020-02-25,0,0,1,0,0,1
Osaka,2020-02-26,0,0,1,0,0,1
Osaka,2020-02-27,1,1,2,1,1,2
Osaka,2020-02-28,2,3,4,2,3,4
Osaka,2020-02-29,0,3,4,0,3,4
Osaka,2020-03-01,0,3,4,0,3,4
Osaka,2020-03-02,2,5,6,2,5,6
Osaka,2020-03-03,2,7,8,2,7,8
Osaka,2020-03-04,9,16,17,9,16,17
Osaka,2020-03-05,1,16,18,1,16,18
Osaka,2020-03-06,13,27,31,13,27,31
Osaka,2020-03-07,10,37,41,10,37,41
Osaka,2020-03-08,14,51,55,14,51,55
Osaka,2020-03-09,0,49,55,0,49,55
Osaka,2020-03-10,18,65,73,18,65,73
Osaka,2020-03-11,7,63,80,7,63,80
Osaka,2020-03-12,9,71,89,9,71,89
Osaka,2020-03-13,3,61,92,3,61,92
Osaka,2020-03-14,10,61,102,10,61,102
Osaka,2020-03-15,4,51,106,4,51,106
Osaka,2020-03-16,2,53,108,2,53,108
Osaka,2020-03-17,4,39,112,4,39,112
Osaka,2020-03-18,5,37,117,5,37,117
Osaka,2020-03-19,2,30,119,2,30,119
Osaka,2020-03-20,4,31,123,4,31,123
Osaka,2020-03-21,2,23,125,2,23,125
Osaka,2020-03-22,6,25,131,6,25,131
Osaka,2020-03-23,3,26,134,3,26,134
Osaka,2020-03-24,8,30,142,8,30,142
Osaka,2020-03-25,7,32,149,7,32,149
Osaka,2020-03-26,7,37,156,7,37,156
Osaka,2020-03-27,20,53,176,20,53,176
Osaka,2020-03-28,15,66,191,15,66,191
Osaka,2020-03-29,17,77,208,17,77,208
Osaka,2020-03-30,8,82,216,8,82,216
Osaka,2020-03-31,28,102,244,28,102,244
Osaka,2020-04-01,34,129,278,34,129,278
Osaka,2020-04-02,33,155,311,33,155,311
Osaka,2020-04-03,35,170,346,35,170,346
Osaka,2020-04-04,41,196,387,41,196,387
Osaka,2020-04-05,21,200,408,21,200,408
Osaka,2020-04-06,20,212,428,20,212,428
Osaka,2020-04-07,53,237,481,53,237,481
Osaka,2020-04-08,43,246,524,43,246,524
Osaka,2020-04-09,92,305,616,92,305,616
Osaka,2020-04-10,80,350,696,80,350,696
Osaka,2020-04-11,70,379,766,70,379,766
Osaka,2020-04-12,45,403,811,45,403,811
Osaka,2020-04-13,24,407,835,24,407,835
Osaka,2020-04-14,59,413,894,59,413,894
Osaka,2020-04-15,74,444,968,74,444,968
Osaka,2020-04-16,52,404,1020,52,404,1020
Osaka,2020-04-17,55,379,1075,55,379,1075
Osaka,2020-04-18,88,397,1163,88,397,1163
Osaka,2020-04-19,48,400,1211,48,400,1211
Osaka,2020-04-20,85,461,1296,85,461,1296
Osaka,2020-04-21,54,456,1350,54,456,1350
Osaka,2020-04-22,31,413,1381,31,413,1381
Osaka,2020-04-23,35,396,1416,35,396,1416
Osaka,2020-04-24,31,372,1447,31,372,1447
Osaka,2020-04-25,29,313,1476,29,313,1476
Osaka,2020-04-26,16,281,1492,16,281,1492
Osaka,2020-04-27,30,226,1522,30,226,1522
Osaka,2020-04-28,32,204,1554,32,204,1554
Osaka,2020-04-29,44,217,1598,44,217,1598
Osaka,2020-04-30,0,182,1598,0,182,1598
Saga,2020-03-13,1,1,1,1,1,1
Saga,2020-03-14,0,1,1,0,1,1
Saga,2020-03-15,0,1,1,0,1,1
Saga,2020-03-16,0,1,1,0,1,1
Saga,2020-03-17,0,1,1,0,1,1
Saga,2020-03-18,0,1,1,0,1,1
Saga,2020-03-19,0,1,1,0,1,1
Saga,2020-03-20,0,0,1,0,0,1
Saga,2020-03-21,0,0,1,0,0,1
Saga,2020-03-22,0,0,1,0,0,1
Saga,2020-03-23,0,0,1,0,0,1
Saga,2020-03-24,0,0,1,0,0,1
Saga,2020-03-25,0,0,1,0,0,1
Saga,2020-03-26,0,0,1,0,0,1
Saga,2020-03-27,0,0,1,0,0,1
Saga,2020-03-28,0,0,1,0,0,1
Saga,2020-03-29,0,0,1,0,0,1
Saga,2020-03-30,0,0,1,0,0,1
Saga,2020-03-31,1,1,2,1,1,2
Saga,2020-04-01,1,2,3,1,2,3
Saga,2020-04-02,0,2,3,0,2,3
Saga,2020-04-03,2,4,5,2,4,5
Saga,2020-04-04,1,5,6,1,5,6
Saga,2020-04-05,2,7,8,2,7,8
Saga,2020-04-06,0,7,8,0,7,8
Saga,2020-04-07,3,9,11,3,9,11
Saga,2020-04-08,0,8,11,0,8,11
Saga,2020-04-09,1,9,12,1,9,12
Saga,2020-04-10,0,7,12,0,7,12
Saga,2020-04-11,1,7,13,1,7,13
Saga,2020-04-12,0,5,13,0,5,13
Saga,2020-04-13,0,5,13,0,5,13
Saga,2020-04-14,2,4,15,2,4,15
Saga,2020-04-15,0,4,15,0,4,15
Saga,2020-04-16,0,3,15,0,3,15
Saga,2020-04-17,1,4,16,1,4,16
Saga,2020-04-18,0,3,16,0,3,16
Saga,2020-04-19,1,4,17,1,4,17
Saga,2020-04-20,0,4,17,0,4,17
Saga,2020-04-21,0,2,17,0,2,17
Saga,2020-04-22,2,4,19,2,4,19
Saga,2020-04-23,13,17,32,13,17,32
Saga,2020-04-24,0,16,32,0,16,32
Saga,2020-04-25,5,21,37,5,21,37
Saga,2020-04-26,0,20,37,0,20,37
Saga,2020-04-27,0,20,37,0,20,37
Saga,2020-04-28,1,21,38,1,21,38
Saga,2020-04-29,3,22,41,3,22,41
Saga,2020-04-30,0,9,41,0,9,41
Saitama,2020-02-01,1,1,1,1,1,1
Saitama,2020-02-02,0,1,1,0,1,1
Saitama,2020-02-03,0,1,1,0,1,1
Saitama,2020-02-04,0,1,1,0,1,1
Saitama,2020-02-05,0,1,1,0,1,1
Saitama,2020-02-06,0,1,1,0,1,1
Saitama,2020-02-07,0,1,1,0,1,1
Saitama,2020-02-08,0,0,1,0,0,1
Saitama,2020-02-09,0,0,1,0,0,1
Saitama,2020-02-10,1,1,2,1,1,2
Saitama,2020-02-11,0,1,2,0,1,2
Saitama,2020-02-12,0,1,2,0,1,2
Saitama,2020-02-13,0,1,2,0,1,2
Saitama,2020-02-14,1,2,3,1,2,3
Saitama,2020-02-15,0,2,3,0,2,3
Saitama,2020-02-16,0,2,3,0,2,3
Saitama,2020-02-17,0,1,3,0,1,3
Saitama,2020-02-18,0,1,3,0,1,3
Saitama,2020-02-19,0,1,3,0,1,3
Saitama,2020-02-20,0,1,3,0,1,3
Saitama,2020-02-21,1,1,4,1,1,4
Saitama,2020-02-22,0,1,4,0,1,4
Saitama,2020-02-23,0,1,4,0,1,4
Saitama,2020-02-24,0,1,4,0,1,4
Saitama,2020-02-25,0,1,4,0,1,4
Saitama,2020-02-26,0,1,4,0,1,4
Saitama,2020-02-27,0,1,4,0,1,4
Saitama,2020-02-28,0,0,4,0,0,4
Saitama,2020-02-29,0,0,4,0,0,4
Saitama,2020-03-01,0,0,4,0,0,4
Saitama,2020-03-02,0,0,4,0,0,4
Saitama,2020-03-03,0,0,4,0,0,4
Saitama,2020-03-04,0,0,4,0,0,4
Saitama,2020-03-05,2,2,6,2,2,6
Saitama,2020-03-06,3,5,9,3,5,9
Saitama,2020-03-07,0,5,9,0,5,9
Saitama,2020-03-08,1,6,10,1,6,10
Saitama,2020-03-09,0,6,10,0,6,10
Saitama,2020-03-10,5,11,15,5,11,15
Saitama,2020-03-11,2,13,17,2,13,17
Saitama,2020-03-12,6,17,23,6,17,23
Saitama,2020-03-13,2,16,25,2,16,25
Saitama,2020-03-14,7,23,32,7,23,32
Saitama,2020-03-15,0,22,32,0,22,32
Saitama,2020-03-16,0,22,32,0,22,32
Saitama,2020-03-17,5,22,37,5,22,37
Saitama,2020-03-18,1,21,38,1,21,38
Saitama,2020-03-19,4,19,42,4,19,42
Saitama,2020-03-20,3,20,45,3,20,45
Saitama,2020-03-21,3,16,48,3,16,48
Saitama,2020-03-22,7,23,55,7,23,55
Saitama,2020-03-23,1,24,56,1,24,56
Saitama,2020-03-24,7,26,63,7,26,63
Saitama,2020-03-25,1,26,64,1,26,64
Saitama,2020-03-26,7,29,71,7,29,71
Saitama,2020-03-27,6,32,77,6,32,77
Saitama,2020-03-28,7,36,84,7,36,84
Saitama,2020-03-29,6,35,90,6,35,90
Saitama,2020-03-30,0,34,90,0,34,90
Saitama,2020-03-31,16,43,106,16,43,106
Saitama,2020-04-01,3,45,109,3,45,109
Saitama,2020-04-02,15,53,124,15,53,124
Saitama,2020-04-03,16,63,140,16,63,140
Saitama,2020-04-04,25,81,165,25,81,165
Saitama,2020-04-05,25,100,190,25,100,190
Saitama,2020-04-06,15,115,205,15,115,205
Saitama,2020-04-07,18,117,223,18,117,223
Saitama,2020-04-08,42,156,265,42,156,265
Saitama,2020-04-09,50,191,315,50,191,315
Saitama,2020-04-10,34,209,349,34,209,349
Saitama,2020-04-11,35,219,384,35,219,384
Saitama,2020-04-12,41,235,425,41,235,425
Saitama,2020-04-13,19,239,444,19,239,444
Saitama,2020-04-14,41,262,485,41,262,485
Saitama,2020-04-15,55,275,540,55,275,540
Saitama,2020-04-16,50,275,590,50,275,590
Saitama,2020-04-17,20,261,610,20,261,610
Saitama,2020-04-18,44,270,654,44,270,654
Saitama,2020-04-19,26,255,680,26,255,680
Saitama,2020-04-20,12,248,692,12,248,692
Saitama,2020-04-21,11,218,703,11,218,703
Saitama,2020-04-22,43,206,746,43,206,746
Saitama,2020-04-23,46,202,792,46,202,792
Saitama,2020-04-24,21,203,813,21,203,813
Saitama,2020-04-25,15,174,828,15,174,828
Saitama,2020-04-26,23,171,851,23,171,851
Saitama,2020-04-27,8,167,859,8,167,859
Saitama,2020-04-28,11,167,870,11,167,870
Saitama,2020-04-29,12,136,882,12,136,882
Saitama,2020-04-30,0,90,882,0,90,882
Shiga,2020-03-05,1,1,1,1,1,1
Shiga,2020-03-06,0,1,1,0,1,1
Shiga,2020-03-07,0,1,1,0,1,1
Shiga,2020-03-08,0,1,1,0,1,1
Shiga,2020-03-09,0,1,1,0,1,1
Shiga,2020-03-10,0,1,1,0,1,1
Shiga,2020-03-11,0,1,1,0,1,1
Shiga,2020-03-12,0,0,1,0,0,1
Shiga,2020-03-13,0,0,1,0,0,1
Shiga,2020-03-14,0,0,1,0,0,1
Shiga,2020-03-15,1,1,2,1,1,2
Shiga,2020-03-16,1,2,3,1,2,3
Shiga,2020-03-17,1,3,4,1,3,4
Shiga,2020-03-18,0,3,4,0,3,4
Shiga,2020-03-19,0,3,4,0,3,4
Shiga,2020-03-20,0,3,4,0,3,4
Shiga,2020-03-21,0,3,4,0,3,4
Shiga,2020-03-22,0,2,4,0,2,4
Shiga,2020-03-23,1,2,5,1,2,5
Shiga,2020-03-24,0,1,5,0,1,5
Shiga,2020-03-25,0,1,5,0,1,5
Shiga,2020-03-26,1,2,6,1,2,6
Shiga,2020-03-27,0,2,6,0,2,6
Shiga,2020-03-28,0,2,6,0,2,6
Shiga,2020-03-29,0,2,6,0,2,6
Shiga,2020-03-30,0,1,6,0,1,6
Shiga,2020-03-31,1,2,7,1,2,7
Shiga,2020-04-01,0,2,7,0,2,7
Shiga,2020-04-02,1,2,8,1,2,8
Shiga,2020-04-03,6,8,14,6,8,14
Shiga,2020-04-04,3,11,17,3,11,17
Shiga,2020-04-05,1,12,18,1,12,18
Shiga,2020-04-06,1,13,19,1,13,19
Shiga,2020-04-07,5,17,24,5,17,24
Shiga,2020-04-08,2,19,26,2,19,26
Shiga,2020-04-09,7,25,33,7,25,33
Shiga,2020-04-10,1,20,34,1,20,34
Shiga,2020-04-11,4,21,38,4,21,38
Shiga,2020-04-12,0,20,38,0,20,38
Shiga,2020-04-13,2,21,40,2,21,40
Shiga,2020-04-14,12,28,52,12,28,52
Shiga,2020-04-15,1,27,53,1,27,53
Shiga,2020-04-16,5,25,58,5,25,58
Shiga,2020-04-17,11,35,69,11,35,69
Shiga,2020-04-18,2,33,71,2,33,71
Shiga,2020-04-19,1,34,72,1,34,72
Shiga,2020-04-20,1,33,73,1,33,73
Shiga,2020-04-21,4,25,77,4,25,77
Shiga,2020-04-22,12,36,89,12,36,89
Shiga,2020-04-23,4,35,93,4,35,93
Shiga,2020-04-24,1,25,94,1,25,94
Shiga,2020-04-25,1,24,95,1,24,95
Shiga,2020-04-26,0,23,95,0,23,95
Shiga,2020-04-27,0,22,95,0,22,95
Shiga,2020-04-28,1,19,96,1,19,96
Shiga,2020-04-29,0,7,96,0,7,96
Shiga,2020-04-30,0,3,96,0,3,96
Shimane,2020-04-09,1,1,1,1,1,1
Shimane,2020-04-10,1,2,2,1,2,2
Shimane,2020-04-11,4,6,6,4,6,6
Shimane,2020-04-12,1,7,7,1,7,7
Shimane,2020-04-13,1,8,8,1,8,8
Shimane,2020-04-14,2,10,10,2,10,10
Shimane,2020-04-15,3,13,13,3,13,13
Shimane,2020-04-16,1,13,14,1,13,14
Shimane,2020-04-17,1,13,15,1,13,15
Shimane,2020-04-18,0,9,15,0,9,15
Shimane,2020-04-19,1,9,16,1,9,16
Shimane,2020-04-20,0,8,16,0,8,16
Shimane,2020-04-21,0,6,16,0,6,16
Shimane,2020-04-22,0,3,16,0,3,16
Shimane,2020-04-23,0,2,16,0,2,16
Shimane,2020-04-24,0,1,16,0,1,16
Shimane,2020-04-25,1,2,17,1,2,17
Shimane,2020-04-26,5,6,22,5,6,22
Shimane,2020-04-27,1,7,23,1,7,23
Shimane,2020-04-28,0,7,23,0,7,23
Shimane,2020-04-29,0,7,23,0,7,23
Shimane,2020-04-30,0,7,23,0,7,23
Shizuoka,2020-02-28,1,1,1,1,1,1
Shizuoka,2020-02-29,0,1,1,0,1,1
Shizuoka,2020-03-01,0,1,1,0,1,1
Shizuoka,2020-03-02,0,1,1,0,1,1
Shizuoka,2020-03-03,0,1,1,0,1,1
Shizuoka,2020-03-04,0,1,1,0,1,1
Shizuoka,2020-03-05,0,1,1,0,1,1
Shizuoka,2020-03-06,0,0,1,0,0,1
Shizuoka,2020-03-07,0,0,1,0,0,1
Shizuoka,2020-03-08,0,0,1,0,0,1
Shizuoka,2020-03-09,0,0,1,0,0,1
Shizuoka,2020-03-10,1,1,2,1,1,2
Shizuoka,2020-03-11,0,1,2,0,1,2
Shizuoka,2020-03-12,1,2,3,1,2,3
Shizuoka,2020-03-13,0,2,3,0,2,3
Shizuoka,2020-03-14,0,2,3,0,2,3
Shizuoka,2020-03-15,0,2,3,0,2,3
Shizuoka,2020-03-16,0,2,3,0,2,3
Shizuoka,2020-03-17,0,1,3,0,1,3
Shizuoka,2020-03-18,0,1,3,0,1,3
Shizuoka,2020-03-19,0,0,3,0,0,3
Shizuoka,2020-03-20,0,0,3,0,0,3
Shizuoka,2020-03-21,0,0,3,0,0,3
Shizuoka,2020-03-22,0,0,3,0,0,3
Shizuoka,2020-03-23,0,0,3,0,0,3
Shizuoka,2020-03-24,0,0,3,0,0,3
Shizuoka,2020-03-25,0,0,3,0,0,3
Shizuoka,2020-03-26,0,0,3,0,0,3
Shizuoka,2020-03-27,0,0,3,0,0,3
Shizuoka,2020-03-28,1,1,4,1,1,4
Shizuoka,2020-03-29,0,1,4,0,1,4
Shizuoka,2020-03-30,4,5,8,4,5,8
Shizuoka,2020-03-31,3,8,11,3,8,11
Shizuoka,2020-04-01,2,10,13,2,10,13
Shizuoka,2020-04-02,1,11,14,1,11,14
Shizuoka,2020-04-03,2,13,16,2,13,16
Shizuoka,2020-04-04,1,13,17,1,13,17
Shizuoka,2020-04-05,0,13,17,0,13,17
Shizuoka,2020-04-06,2,11,19,2,11,19
Shizuoka,2020-04-07,3,11,22,3,11,22
Shizuoka,2020-04-08,8,17,30,8,17,30
Shizuoka,2020-04-09,3,19,33,3,19,33
Shizuoka,2020-04-10,4,21,37,4,21,37
Shizuoka,2020-04-11,2,22,39,2,22,39
Shizuoka,2020-04-12,2,24,41,2,24,41
Shizuoka,2020-04-13,5,27,46,5,27,46
Shizuoka,2020-04-14,1,25,47,1,25,47
Shizuoka,2020-04-15,1,18,48,1,18,48
Shizuoka,2020-04-16,0,15,48,0,15,48
Shizuoka,2020-04-17,2,13,50,2,13,50
Shizuoka,2020-04-18,0,11,50,0,11,50
Shizuoka,2020-04-19,2,11,52,2,11,52
Shizuoka,2020-04-20,0,6,52,0,6,52
Shizuoka,2020-04-21,1,6,53,1,6,53
Shizuoka,2020-04-22,4,9,57,4,9,57
Shizuoka,2020-04-23,1,10,58,1,10,58
Shizuoka,2020-04-24,1,9,59,1,9,59
Shizuoka,2020-04-25,3,12,62,3,12,62
Shizuoka,2020-04-26,1,11,63,1,11,63
Shizuoka,2020-04-27,1,12,64,1,12,64
Shizuoka,2020-04-28,3,14,67,3,14,67
Shizuoka,2020-04-29,1,11,68,1,11,68
Shizuoka,2020-04-30,0,10,68,0,10,68
Tochigi,2020-02-22,1,1,1,1,1,1
Tochigi,2020-02-23,0,1,1,0,1,1
Tochigi,2020-02-24,0,1,1,0,1,1
Tochigi,2020-02-25,0,1,1,0,1,1
Tochigi,2020-02-26,0,1,1,0,1,1
Tochigi,2020-02-27,0,1,1,0,1,1
Tochigi,2020-02-28,0,1,1,0,1,1
Tochigi,2020-02-29,0,0,1,0,0,1
Tochigi,2020-03-01,0,0,1,0,0,1
Tochigi,2020-03-02,0,0,1,0,0,1
Tochigi,2020-03-03,0,0,1,0,0,1
Tochigi,2020-03-04,0,0,1,0,0,1
Tochigi,2020-03-05,1,1,2,1,1,2
Tochigi,2020-03-06,0,1,2,0,1,2
Tochigi,2020-03-07,0,1,2,0,1,2
Tochigi,2020-03-08,0,1,2,0,1,2
Tochigi,2020-03-09,0,1,2,0,1,2
Tochigi,2020-03-10,0,1,2,0,1,2
Tochigi,2020-03-11,0,1,2,0,1,2
Tochigi,2020-03-12,0,0,2,0,0,2
Tochigi,2020-03-13,0,0,2,0,0,2
Tochigi,2020-03-14,0,0,2,0,0,2
Tochigi,2020-03-15,0,0,2,0,0,2
Tochigi,2020-03-16,0,0,2,0,0,2
Tochigi,2020-03-17,0,0,2,0,0,2
Tochigi,2020-03-18,1,1,3,1,1,3
Tochigi,2020-03-19,0,1,3,0,1,3
Tochigi,2020-03-20,1,2,4,1,2,4
Tochigi,2020-03-21,0,2,4,0,2,4
Tochigi,2020-03-22,0,2,4,0,2,4
Tochigi,2020-03-23,0,2,4,0,2,4
Tochigi,2020-03-24,2,4,6,2,4,6
Tochigi,2020-03-25,4,7,10,4,7,10
Tochigi,2020-03-26,1,8,11,1,8,11
Tochigi,2020-03-27,0,7,11,0,7,11
Tochigi,2020-03-28,0,7,11,0,7,11
Tochigi,2020-03-29,1,8,12,1,8,12
Tochigi,2020-03-30,0,8,12,0,8,12
Tochigi,2020-03-31,2,8,14,2,8,14
Tochigi,2020-04-01,3,7,17,3,7,17
Tochigi,2020-04-02,0,6,17,0,6,17
Tochigi,2020-04-03,0,6,17,0,6,17
Tochigi,2020-04-04,0,6,17,0,6,17
Tochigi,2020-04-05,0,5,17,0,5,17
Tochigi,2020-04-06,0,5,17,0,5,17
Tochigi,2020-04-07,3,6,20,3,6,20
Tochigi,2020-04-08,6,9,26,6,9,26
Tochigi,2020-04-09,5,14,31,5,14,31
Tochigi,2020-04-10,4,18,35,4,18,35
Tochigi,2020-04-11,0,18,35,0,18,35
Tochigi,2020-04-12,0,18,35,0,18,35
Tochigi,2020-04-13,1,19,36,1,19,36
Tochigi,2020-04-14,1,17,37,1,17,37
Tochigi,2020-04-15,3,14,40,3,14,40
Tochigi,2020-04-16,2,11,42,2,11,42
Tochigi,2020-04-17,2,9,44,2,9,44
Tochigi,2020-04-18,0,9,44,0,9,44
Tochigi,2020-04-19,2,11,46,2,11,46
Tochigi,2020-04-20,3,13,49,3,13,49
Tochigi,2020-04-21,2,14,51,2,14,51
Tochigi,2020-04-22,1,12,52,1,12,52
Tochigi,2020-04-23,0,10,52,0,10,52
Tochigi,2020-04-24,0,8,52,0,8,52
Tochigi,2020-04-25,0,8,52,0,8,52
Tochigi,2020-04-26,2,8,54,2,8,54
Tochigi,2020-04-27,0,5,54,0,5,54
Tochigi,2020-04-28,1,4,55,1,4,55
Tochigi,2020-04-29,0,3,55,0,3,55
Tochigi,2020-04-30,0,3,55,0,3,55
Tokushima,2020-02-25,1,1,1,1,1,1
Tokushima,2020-02-26,0,1,1,0,1,1
Tokushima,2020-02-27,0,1,1,0,1,1
Tokushima,2020-02-28,0,1,1,0,1,1
Tokushima,2020-02-29,0,1,1,0,1,1
Tokushima,2020-03-01,0,1,1,0,1,1
Tokushima,2020-03-02,0,1,1,0,1,1
Tokushima,2020-03-03,0,0,1,0,0,1
Tokushima,2020-03-04,0,0,1,0,0,1
Tokushima,2020-03-05,0,0,1,0,0,1
Tokushima,2020-03-06,0,0,1,0,0,1
Tokushima,2020-03-07,0,0,1,0,0,1
Tokushima,2020-03-08,0,0,1,0,0,1
Tokushima,2020-03-09,0,0,1,0,0,1
Tokushima,2020-03-10,0,0,1,0,0,1
Tokushima,2020-03-11,0,0,1,0,0,1
Tokushima,2020-03-12,0,0,1,0,0,1
Tokushima,2020-03-13,0,0,1,0,0,1
Tokushima,2020-03-14,0,0,1,0,0,1
Tokushima,2020-03-15,0,0,1,0,0,1
Tokushima,2020-03-16,0,0,1,0,0,1
Tokushima,2020-03-17,0,0,1,0,0,1
Tokushima,2020-03-18,0,0,1,0,0,1
Tokushima,2020-03-19,0,0,1,0,0,1
Tokushima,2020-03-20,0,0,1,0,0,1
Tokushima,2020-03-21,0,0,1,0,0,1
Tokushima,2020-03-22,0,0,1,0,0,1
Tokushima,2020-03-23,0,0,1,0,0,1
Tokushima,2020-03-24,0,0,1,0,0,1
Tokushima,2020-03-25,0,0,1,0,0,1
Tokushima,2020-03-26,0,0,1,0,0,1
Tokushima,2020-03-27,0,0,1,0,0,1
Tokushima,2020-03-28,0,0,1,0,0,1
Tokushima,2020-03-29,0,0,1,0,0,1
Tokushima,2020-03-30,0,0,1,0,0,1
Tokushima,2020-03-31,2,2,3,2,2,3
Tokushima,2020-04-01,0,2,3,0,2,3
Tokushima,2020-04-02,0,2,3,0,2,3
Tokushima,2020-04-03,0,2,3,0,2,3
Tokushima,2020-04-04,0,2,3,0,2,3
Tokushima,2020-04-05,0,2,3,0,2,3
Tokushima,2020-04-06,0,2,3,0,2,3
Tokushima,2020-04-07,0,0,3,0,0,3
Tokushima,2020-04-08,0,0,3,0,0,3
Tokushima,2020-04-09,0,0,3,0,0,3
Tokushima,2020-04-10,0,0,3,0,0,3
Tokushima,2020-04-11,0,0,3,0,0,3
Tokushima,2020-04-12,0,0,3,0,0,3
Tokushima,2020-04-13,0,0,3,0,0,3
Tokushima,2020-04-14,0,0,3,0,0,3
Tokushima,2020-04-15,0,0,3,0,0,3
Tokushima,2020-04-16,0,0,3,0,0,3
Tokushima,2020-04-17,0,0,3,0,0,3
Tokushima,2020-04-18,0,0,3,0,0,3
Tokushima,2020-04-19,0,0,3,0,0,3
Tokushima,2020-04-20,1,1,4,1,1,4
Tokushima,2020-04-21,1,2,5,1,2,5
Tokushima,2020-04-22,0,2,5,0,2,5
Tokushima,2020-04-23,0,2,5,0,2,5
Tokushima,2020-04-24,0,2,5,0,2,5
Tokushima,2020-04-25,0,2,5,0,2,5
Tokushima,2020-04-26,0,2,5,0,2,5
Tokushima,2020-04-27,0,1,5,0,1,5
Tokushima,2020-04-28,0,0,5,0,0,5
Tokushima,2020-04-29,0,0,5,0,0,5
Tokushima,2020-04-30,0,0,5,0,0,5
Tokyo,2020-01-24,1,1,1,1,1,1
Tokyo,2020-01-25,1,2,2,1,2,2
Tokyo,2020-01-26,0,2,2,0,2,2
Tokyo,2020-01-27,0,2,2,0,2,2
Tokyo,2020-01-28,0,2,2,0,2,2
Tokyo,2020-01-29,0,2,2,0,2,2
Tokyo,2020-01-30,1,3,3,1,3,3
Tokyo,2020-01-31,0,2,3,0,2,3
Tokyo,2020-02-01,0,1,3,0,1,3
Tokyo,2020-02-02,0,1,3,0,1,3
Tokyo,2020-02-03,0,1,3,0,1,3
Tokyo,2020-02-04,0,1,3,0,1,3
Tokyo,2020-02-05,0,1,3,0,1,3
Tokyo,2020-02-06,0,0,3,0,0,3
Tokyo,2020-02-07,0,0,3,0,0,3
Tokyo,2020-02-08,0,0,3,0,0,3
Tokyo,2020-02-09,0,0,3,0,0,3
Tokyo,2020-02-10,0,0,3,0,0,3
Tokyo,2020-02-11,0,0,3,0,0,3
Tokyo,2020-02-12,0,0,3,0,0,3
Tokyo,2020-02-13,2,2,5,2,2,5
Tokyo,2020-02-14,2,4,7,2,4,7
Tokyo,2020-02-15,7,11,14,7,11,14
Tokyo,2020-02-16,4,15,18,4,15,18
Tokyo,2020-02-17,0,15,18,0,15,18
Tokyo,2020-02-18,3,18,21,3,18,21
Tokyo,2020-02-19,3,21,24,3,21,24
Tokyo,2020-02-20,0,19,24,0,19,24
Tokyo,2020-02-21,3,20,27,3,20,27
Tokyo,2020-02-22,2,15,29,2,15,29
Tokyo,2020-02-23,0,11,29,0,11,29
Tokyo,2020-02-24,3,14,32,3,14,32
Tokyo,2020-02-25,0,11,32,0,11,32
Tokyo,2020-02-26,3,11,35,3,11,35
Tokyo,2020-02-27,1,12,36,1,12,36
Tokyo,2020-02-28,0,9,36,0,9,36
Tokyo,2020-02-29,1,8,37,1,8,37
Tokyo,2020-03-01,2,10,39,2,10,39
Tokyo,2020-03-02,0,7,39,0,7,39
Tokyo,2020-03-03,1,8,40,1,8,40
Tokyo,2020-03-04,4,9,44,4,9,44
Tokyo,2020-03-05,8,16,52,8,16,52
Tokyo,2020-03-06,6,22,58,6,22,58
Tokyo,2020-03-07,6,27,64,6,27,64
Tokyo,2020-03-08,0,25,64,0,25,64
Tokyo,2020-03-09,0,25,64,0,25,64
Tokyo,2020-03-10,3,27,67,3,27,67
Tokyo,2020-03-11,6,29,73,6,29,73
Tokyo,2020-03-12,2,23,75,2,23,75
Tokyo,2020-03-13,2,19,77,2,19,77
Tokyo,2020-03-14,10,23,87,10,23,87
Tokyo,2020-03-15,3,26,90,3,26,90
Tokyo,2020-03-16,0,26,90,0,26,90
Tokyo,2020-03-17,12,35,102,12,35,102
Tokyo,2020-03-18,9,38,111,9,38,111
Tokyo,2020-03-19,7,43,118,7,43,118
Tokyo,2020-03-20,11,52,129,11,52,129
Tokyo,2020-03-21,7,49,136,7,49,136
Tokyo,2020-03-22,2,48,138,2,48,138
Tokyo,2020-03-23,16,64,154,16,64,154
Tokyo,2020-03-24,17,69,171,17,69,171
Tokyo,2020-03-25,41,101,212,41,101,212
Tokyo,2020-03-26,48,142,260,48,142,260
Tokyo,2020-03-27,40,171,300,40,171,300
Tokyo,2020-03-28,66,230,366,66,230,366
Tokyo,2020-03-29,70,298,436,70,298,436
Tokyo,2020-03-30,13,295,449,13,295,449
Tokyo,2020-03-31,79,357,528,79,357,528
Tokyo,2020-04-01,66,382,594,66,382,594
Tokyo,2020-04-02,97,431,691,97,431,691
Tokyo,2020-04-03,91,482,782,91,482,782
Tokyo,2020-04-04,121,537,903,121,537,903
Tokyo,2020-04-05,150,617,1053,150,617,1053
Tokyo,2020-04-06,83,687,1136,83,687,1136
Tokyo,2020-04-07,80,688,1216,80,688,1216
Tokyo,2020-04-08,147,769,1363,147,769,1363
Tokyo,2020-04-09,179,851,1542,179,851,1542
Tokyo,2020-04-10,193,953,1735,193,953,1735
Tokyo,2020-04-11,197,1029,1932,197,1029,1932
Tokyo,2020-04-12,168,1047,2100,168,1047,2100
Tokyo,2020-04-13,91,1055,2191,91,1055,2191
Tokyo,2020-04-14,166,1141,2357,166,1141,2357
Tokyo,2020-04-15,133,1127,2490,133,1127,2490
Tokyo,2020-04-16,152,1100,2642,152,1100,2642
Tokyo,2020-04-17,208,1115,2850,208,1115,2850
Tokyo,2020-04-18,186,1104,3036,186,1104,3036
Tokyo,2020-04-19,110,1046,3146,110,1046,3146
Tokyo,2020-04-20,108,1063,3254,108,1063,3254
Tokyo,2020-04-21,127,1024,3381,127,1024,3381
Tokyo,2020-04-22,132,1023,3513,132,1023,3513
Tokyo,2020-04-23,140,1011,3653,140,1011,3653
Tokyo,2020-04-24,167,970,3820,167,970,3820
Tokyo,2020-04-25,110,894,3930,110,894,3930
Tokyo,2020-04-26,72,856,4002,72,856,4002
Tokyo,2020-04-27,45,793,4047,45,793,4047
Tokyo,2020-04-28,114,780,4161,114,780,4161
Tokyo,2020-04-29,56,704,4217,56,704,4217
Tokyo,2020-04-30,0,564,4217,0,564,4217
Tottori,2020-04-10,1,1,1,1,1,1
Tottori,2020-04-11,0,1,1,0,1,1
Tottori,2020-04-12,0,1,1,0,1,1
Tottori,2020-04-13,0,1,1,0,1,1
Tottori,2020-04-14,0,1,1,0,1,1
Tottori,2020-04-15,0,1,1,0,1,1
Tottori,2020-04-16,0,1,1,0,1,1
Tottori,2020-04-17,0,0,1,0,0,1
Tottori,2020-04-18,2,2,3,2,2,3
Tottori,2020-04-19,0,2,3,0,2,3
Tottori,2020-04-20,0,2,3,0,2,3
Tottori,2020-04-21,0,2,3,0,2,3
Tottori,2020-04-22,0,2,3,0,2,3
Tottori,2020-04-23,0,2,3,0,2,3
Tottori,2020-04-24,0,2,3,0,2,3
Tottori,2020-04-25,0,0,3,0,0,3
Tottori,2020-04-26,0,0,3,0,0,3
Tottori,2020-04-27,0,0,3,0,0,3
Tottori,2020-04-28,0,0,3,0,0,3
Tottori,2020-04-29,0,0,3,0,0,3
Tottori,2020-04-30,0,0,3,0,0,3
Toyama,2020-03-30,1,1,1,1,1,1
Toyama,2020-03-31,1,2,2,1,2,2
Toyama,2020-04-01,3,5,5,3,5,5
Toyama,2020-04-02,3,8,8,3,8,8
Toyama,2020-04-03,0,8,8,0,8,8
Toyama,2020-04-04,2,10,10,2,10,10
Toyama,2020-04-05,0,10,10,0,10,10
Toyama,2020-04-06,1,10,11,1,10,11
Toyama,2020-04-07,2,11,13,2,11,13
Toyama,2020-04-08,1,9,14,1,9,14
Toyama,2020-04-09,7,13,21,7,13,21
Toyama,2020-04-10,2,15,23,2,15,23
Toyama,2020-04-11,7,20,30,7,20,30
Toyama,2020-04-12,14,34,44,14,34,44
Toyama,2020-04-13,5,38,49,5,38,49
Toyama,2020-04-14,6,42,55,6,42,55
Toyama,2020-04-15,0,41,55,0,41,55
Toyama,2020-04-16,10,44,65,10,44,65
Toyama,2020-04-17,14,56,79,14,56,79
Toyama,2020-04-18,13,62,92,13,62,92
Toyama,2020-04-19,4,52,96,4,52,96
Toyama,2020-04-20,20,67,116,20,67,116
Toyama,2020-04-21,12,73,128,12,73,128
Toyama,2020-04-22,13,86,141,13,86,141
Toyama,2020-04-23,9,85,150,9,85,150
Toyama,2020-04-24,14,85,164,14,85,164
Toyama,2020-04-25,13,85,177,13,85,177
Toyama,2020-04-26,5,86,182,5,86,182
Toyama,2020-04-27,3,69,185,3,69,185
Toyama,2020-04-28,9,66,194,9,66,194
Toyama,2020-04-29,3,56,197,3,56,197
Toyama,2020-04-30,0,47,197,0,47,197
Wakayama,2020-02-13,1,1,1,1,1,1
Wakayama,2020-02-14,1,2,2,1,2,2
Wakayama,2020-02-15,3,5,5,3,5,5
Wakayama,2020-02-16,0,5,5,0,5,5
Wakayama,2020-02-17,4,9,9,4,9,9
Wakayama,2020-02-18,3,12,12,3,12,12
Wakayama,2020-02-19,0,12,12,0,12,12
Wakayama,2020-02-20,0,11,12,0,11,12
Wakayama,2020-02-21,0,10,12,0,10,12
Wakayama,2020-02-22,1,8,13,1,8,13
Wakayama,2020-02-23,0,8,13,0,8,13
Wakayama,2020-02-24,0,4,13,0,4,13
Wakayama,2020-02-25,0,1,13,0,1,13
Wakayama,2020-02-26,0,1,13,0,1,13
Wakayama,2020-02-27,0,1,13,0,1,13
Wakayama,2020-02-28,0,1,13,0,1,13
Wakayama,2020-02-29,0,0,13,0,0,13
Wakayama,2020-03-01,0,0,13,0,0,13
Wakayama,2020-03-02,0,0,13,0,0,13
Wakayama,2020-03-03,0,0,13,0,0,13
Wakayama,2020-03-04,0,0,13,0,0,13
Wakayama,2020-03-05,1,1,14,1,1,14
Wakayama,2020-03-06,0,1,14,0,1,14
Wakayama,2020-03-07,0,1,14,0,1,14
Wakayama,2020-03-08,0,1,14,0,1,14
Wakayama,2020-03-09,0,1,14,0,1,14
Wakayama,2020-03-10,0,1,14,0,1,14
Wakayama,2020-03-11,0,1,14,0,1,14
Wakayama,2020-03-12,0,0,14,0,0,14
Wakayama,2020-03-13,0,0,14,0,0,14
Wakayama,2020-03-14,0,0,14,0,0,14
Wakayama,2020-03-15,1,1,15,1,1,15
Wakayama,2020-03-16,0,1,15,0,1,15
Wakayama,2020-03-17,0,1,15,0,1,15
Wakayama,2020-03-18,0,1,15,0,1,15
Wakayama,2020-03-19,2,3,17,2,3,17
Wakayama,2020-03-20,0,3,17,0,3,17
Wakayama,2020-03-21,0,3,17,0,3,17
Wakayama,2020-03-22,0,2,17,0,2,17
Wakayama,2020-03-23,0,2,17,0,2,17
Wakayama,2020-03-24,0,2,17,0,2,17
Wakayama,2020-03-25,0,2,17,0,2,17
Wakayama,2020-03-26,0,0,17,0,0,17
Wakayama,2020-03-27,0,0,17,0,0,17
Wakayama,2020-03-28,0,0,17,0,0,17
Wakayama,2020-03-29,0,0,17,0,0,17
Wakayama,2020-03-30,1,1,18,1,1,18
Wakayama,2020-03-31,0,1,18,0,1,18
Wakayama,2020-04-01,1,2,19,1,2,19
Wakayama,2020-04-02,2,4,21,2,4,21
Wakayama,2020-04-03,1,5,22,1,5,22
Wakayama,2020-04-04,0,5,22,0,5,22
Wakayama,2020-04-05,2,7,24,2,7,24
Wakayama,2020-04-06,5,11,29,5,11,29
Wakayama,2020-04-07,2,13,31,2,13,31
Wakayama,2020-04-08,3,15,34,3,15,34
Wakayama,2020-04-09,3,16,37,3,16,37
Wakayama,2020-04-10,1,16,38,1,16,38
Wakayama,2020-04-11,0,16,38,0,16,38
Wakayama,2020-04-12,1,15,39,1,15,39
Wakayama,2020-04-13,0,10,39,0,10,39
Wakayama,2020-04-14,1,9,40,1,9,40
Wakayama,2020-04-15,2,8,42,2,8,42
Wakayama,2020-04-16,1,6,43,1,6,43
Wakayama,2020-04-17,1,6,44,1,6,44
Wakayama,2020-04-18,1,7,45,1,7,45
Wakayama,2020-04-19,0,6,45,0,6,45
Wakayama,2020-04-20,0,6,45,0,6,45
Wakayama,2020-04-21,2,7,47,2,7,47
Wakayama,2020-04-22,2,7,49,2,7,49
Wakayama,2020-04-23,1,7,50,1,7,50
Wakayama,2020-04-24,2,8,52,2,8,52
Wakayama,2020-04-25,5,12,57,5,12,57
Wakayama,2020-04-26,1,13,58,1,13,58
Wakayama,2020-04-27,1,14,59,1,14,59
Wakayama,2020-04-28,1,13,60,1,13,60
Wakayama,2020-04-29,0,11,60,0,11,60
Wakayama,2020-04-30,0,10,60,0,10,60
Yamagata,2020-03-31,1,1,1,1,1,1
Yamagata,2020-04-01,1,2,2,1,2,2
Yamagata,2020-04-02,1,3,3,1,3,3
Yamagata,2020-04-03,0,3,3,0,3,3
Yamagata,2020-04-04,5,8,8,5,8,8
Yamagata,2020-04-05,5,13,13,5,13,13
Yamagata,2020-04-06,6,19,19,6,19,19
Yamagata,2020-04-07,0,18,19,0,18,19
Yamagata,2020-04-08,3,20,22,3,20,22
Yamagata,2020-04-09,5,24,27,5,24,27
Yamagata,2020-04-10,5,29,32,5,29,32
Yamagata,2020-04-11,1,25,33,1,25,33
Yamagata,2020-04-12,5,25,38,5,25,38
Yamagata,2020-04-13,1,20,39,1,20,39
Yamagata,2020-04-14,4,24,43,4,24,43
Yamagata,2020-04-15,6,27,49,6,27,49
Yamagata,2020-04-16,2,24,51,2,24,51
Yamagata,2020-04-17,7,26,58,7,26,58
Yamagata,2020-04-18,2,27,60,2,27,60
Yamagata,2020-04-19,1,23,61,1,23,61
Yamagata,2020-04-20,3,25,64,3,25,64
Yamagata,2020-04-21,0,21,64,0,21,64
Yamagata,2020-04-22,1,16,65,1,16,65
Yamagata,2020-04-23,0,14,65,0,14,65
Yamagata,2020-04-24,1,8,66,1,8,66
Yamagata,2020-04-25,0,6,66,0,6,66
Yamagata,2020-04-26,0,5,66,0,5,66
Yamagata,2020-04-27,0,2,66,0,2,66
Yamagata,2020-04-28,1,3,67,1,3,67
Yamagata,2020-04-29,1,3,68,1,3,68
Yamagata,2020-04-30,0,3,68,0,3,68
Yamaguchi,2020-03-03,1,1,1,1,1,1
Yamaguchi,2020-03-04,0,1,1,0,1,1
Yamaguchi,2020-03-05,2,3,3,2,3,3
Yamaguchi,2020-03-06,0,3,3,0,3,3
Yamaguchi,2020-03-07,0,3,3,0,3,3
Yamaguchi,2020-03-08,0,3,3,0,3,3
Yamaguchi,2020-03-09,0,3,3,0,3,3
Yamaguchi,2020-03-10,0,2,3,0,2,3
Yamaguchi,2020-03-11,0,2,3,0,2,3
Yamaguchi,2020-03-12,0,0,3,0,0,3
Yamaguchi,2020-03-13,0,0,3,0,0,3
Yamaguchi,2020-03-14,0,0,3,0,0,3
Yamaguchi,2020-03-15,0,0,3,0,0,3
Yamaguchi,2020-03-16,0,0,3,0,0,3
Yamaguchi,2020-03-17,0,0,3,0,0,3
Yamaguchi,2020-03-18,0,0,3,0,0,3
Yamaguchi,2020-03-19,0,0,3,0,0,3
Yamaguchi,2020-03-20,0,0,3,0,0,3
Yamaguchi,2020-03-21,0,0,3,0,0,3
Yamaguchi,2020-03-22,1,1,4,1,1,4
Yamaguchi,2020-03-23,0,1,4,0,1,4
Yamaguchi,2020-03-24,0,1,4,0,1,4
Yamaguchi,2020-03-25,1,2,5,1,2,5
Yamaguchi,2020-03-26,1,3,6,1,3,6
Yamaguchi,2020-03-27,0,3,6,0,3,6
Yamaguchi,2020-03-28,0,3,6,0,3,6
Yamaguchi,2020-03-29,0,2,6,0,2,6
Yamaguchi,2020-03-30,0,2,6,0,2,6
Yamaguchi,2020-03-31,0,2,6,0,2,6
Yamaguchi,2020-04-01,0,1,6,0,1,6
Yamaguchi,2020-04-02,0,0,6,0,0,6
Yamaguchi,2020-04-03,1,1,7,1,1,7
Yamaguchi,2020-04-04,0,1,7,0,1,7
Yamaguchi,2020-04-05,5,6,12,5,6,12
Yamaguchi,2020-04-06,1,7,13,1,7,13
Yamaguchi,2020-04-07,3,10,16,3,10,16
Yamaguchi,2020-04-08,1,11,17,1,11,17
Yamaguchi,2020-04-09,0,11,17,0,11,17
Yamaguchi,2020-04-10,1,11,18,1,11,18
Yamaguchi,2020-04-11,1,12,19,1,12,19
Yamaguchi,2020-04-12,4,11,23,4,11,23
Yamaguchi,2020-04-13,1,11,24,1,11,24
Yamaguchi,2020-04-14,1,9,25,1,9,25
Yamaguchi,2020-04-15,3,11,28,3,11,28
Yamaguchi,2020-04-16,1,12,29,1,12,29
Yamaguchi,2020-04-17,1,12,30,1,12,30
Yamaguchi,2020-04-18,0,11,30,0,11,30
Yamaguchi,2020-04-19,0,7,30,0,7,30
Yamaguchi,2020-04-20,0,6,30,0,6,30
Yamaguchi,2020-04-21,1,6,31,1,6,31
Yamaguchi,2020-04-22,0,3,31,0,3,31
Yamaguchi,2020-04-23,0,2,31,0,2,31
Yamaguchi,2020-04-24,0,1,31,0,1,31
Yamaguchi,2020-04-25,0,1,31,0,1,31
Yamaguchi,2020-04-26,0,1,31,0,1,31
Yamaguchi,2020-04-27,1,2,32,1,2,32
Yamaguchi,2020-04-28,0,1,32,0,1,32
Yamaguchi,2020-04-29,0,1,32,0,1,32
Yamaguchi,2020-04-30,0,1,32,0,1,32
Yamanashi,2020-03-06,1,1,1,1,1,1
Yamanashi,2020-03-07,1,2,2,1,2,2
Yamanashi,2020-03-08,0,2,2,0,2,2
Yamanashi,2020-03-09,0,2,2,0,2,2
Yamanashi,2020-03-10,0,2,2,0,2,2
Yamanashi,2020-03-11,0,2,2,0,2,2
Yamanashi,2020-03-12,0,2,2,0,2,2
Yamanashi,2020-03-13,0,1,2,0,1,2
Yamanashi,2020-03-14,0,0,2,0,0,2
Yamanashi,2020-03-15,0,0,2,0,0,2
Yamanashi,2020-03-16,0,0,2,0,0,2
Yamanashi,2020-03-17,0,0,2,0,0,2
Yamanashi,2020-03-18,0,0,2,0,0,2
Yamanashi,2020-03-19,0,0,2,0,0,2
Yamanashi,2020-03-20,0,0,2,0,0,2
Yamanashi,2020-03-21,0,0,2,0,0,2
Yamanashi,2020-03-22,0,0,2,0,0,2
Yamanashi,2020-03-23,0,0,2,0,0,2
Yamanashi,2020-03-24,0,0,2,0,0,2
Yamanashi,2020-03-25,2,2,4,2,2,4
Yamanashi,2020-03-26,0,2,4,0,2,4
Yamanashi,2020-03-27,0,2,4,0,2,4
Yamanashi,2020-03-28,0,2,4,0,2,4
Yamanashi,2020-03-29,0,2,4,0,2,4
Yamanashi,2020-03-30,1,3,5,1,3,5
Yamanashi,2020-03-31,2,5,7,2,5,7
Yamanashi,2020-04-01,2,5,9,2,5,9
Yamanashi,2020-04-02,0,5,9,0,5,9
Yamanashi,2020-04-03,2,7,11,2,7,11
Yamanashi,2020-04-04,1,8,12,1,8,12
Yamanashi,2020-04-05,2,10,14,2,10,14
Yamanashi,2020-04-06,5,14,19,5,14,19
Yamanashi,2020-04-07,3,15,22,3,15,22
Yamanashi,2020-04-08,3,16,25,3,16,25
Yamanashi,2020-04-09,2,18,27,2,18,27
Yamanashi,2020-04-10,3,19,30,3,19,30
Yamanashi,2020-04-11,3,21,33,3,21,33
Yamanashi,2020-04-12,2,21,35,2,21,35
Yamanashi,2020-04-13,1,17,36,1,17,36
Yamanashi,2020-04-14,0,14,36,0,14,36
Yamanashi,2020-04-15,4,15,40,4,15,40
Yamanashi,2020-04-16,3,16,43,3,16,43
Yamanashi,2020-04-17,3,16,46,3,16,46
Yamanashi,2020-04-18,2,15,48,2,15,48
Yamanashi,2020-04-19,1,14,49,1,14,49
Yamanashi,2020-04-20,0,13,49,0,13,49
Yamanashi,2020-04-21,1,14,50,1,14,50
Yamanashi,2020-04-22,1,11,51,1,11,51
Yamanashi,2020-04-23,0,8,51,0,8,51
Yamanashi,2020-04-24,0,5,51,0,5,51
Yamanashi,2020-04-25,1,4,52,1,4,52
Yamanashi,2020-04-26,0,3,52,0,3,52
Yamanashi,2020-04-27,0,3,52,0,3,52
Yamanashi,2020-04-28,1,3,53,1,3,53
Yamanashi,2020-04-29,0,2,53,0,2,53
Yamanashi,2020-04-30,0,2,53,0,2,53
